id,OAK202204180
version,2
info,visteam,BAL
info,hometeam,OAK
info,site,OAK01
info,date,2022/04/18
info,number,0
info,starttime,6:40PM
info,daynight,night
info,innings,9
info,tiebreaker,2
info,usedh,true
info,umphome,drakr901
info,ump1b,littw901
info,ump2b,gibsg901
info,ump3b,mahrn901
info,umplf,(none)
info,umprf,(none)
info,inputtime,2022/09/26 06:24:16
info,howscored,unknown
info,pitches,pitches
info,oscorer,thomc701
info,temp,60
info,winddir,unknown
info,windspeed,15
info,fieldcond,unknown
info,precip,none
info,sky,cloudy
info,timeofgame,179
info,attendance,17503
info,wp,montf001
info,lp,krehj001
info,save,
start,mullc002,"Cedric Mullins",0,1,8
start,mounr001,"Ryan Mountcastle",0,2,3
start,santa003,"Anthony Santander",0,3,7
start,manct001,"Trey Mancini",0,4,10
start,odorr001,"Rougned Odor",0,5,4
start,uriar001,"Ramon Urias",0,6,5
start,haysa001,"Austin Hays",0,7,9
start,bemba001,"Anthony Bemboom",0,8,2
start,matej003,"Jorge Mateo",0,9,6
start,watks003,"Spenser Watkins",0,0,1
start,kempt001,"Tony Kemp",1,1,7
start,andre001,"Elvis Andrus",1,2,6
start,murps001,"Sean Murphy",1,3,2
start,mckib001,"Billy McKinney",1,4,3
start,bethc001,"Christian Bethancourt",1,5,10
start,brows003,"Seth Brown",1,6,9
start,neuss001,"Sheldon Neuse",1,7,4
start,smitk003,"Kevin Smith",1,8,5
start,pachc001,"Cristian Pache",1,9,8
start,montf001,"Frankie Montas",1,0,1
play,1,0,mullc002,10,BX,43/G34
play,1,0,mounr001,12,CFBFX,5/L5
play,1,0,santa003,02,CSFX,53/G34
play,1,1,kempt001,31,BBCB*B,W
play,1,1,andre001,11,B11CX,9/F9LS
play,1,1,murps001,00,X,D8/L78D.1-3
play,1,1,mckib001,12,CCBFX,63/G4+.3-H;2-3
play,1,1,bethc001,12,SFBX,9/F9LD
play,2,0,manct001,31,BBFBB,W
play,2,0,odorr001,00,X,5(1)3/GDP/G6M
play,2,0,uriar001,12,CBFFS,K
play,2,1,brows003,01,CX,63/G34
play,2,1,neuss001,32,FFFBBFBB,W
play,2,1,smitk003,00,X,9/F89D
play,2,1,pachc001,01,CX,46(1)/FO/G6M.B-1
play,3,0,haysa001,02,CCX,8/F8D
play,3,0,bemba001,32,CBSBBS,K
play,3,0,matej003,00,X,63/G6
play,3,1,kempt001,00,X,43/G34
play,3,1,andre001,21,BBCX,4/P34D-
play,3,1,murps001,00,X,9/F9S
play,4,0,mullc002,21,BBCX,53/G6S
play,4,0,mounr001,21,BSBX,8/L8D
play,4,0,santa003,22,BCFBFFS,K
play,4,1,mckib001,22,CCBFBS,K
play,4,1,bethc001,21,BFBX,53/G56
play,4,1,brows003,01,CX,43/G34D
play,5,0,manct001,12,SBFFS,K
play,5,0,odorr001,32,BCBFBFB,W
play,5,0,uriar001,02,FFS,K
play,5,0,haysa001,32,1BBSS*B>F>X,D98/L89D+.1-H
play,5,0,bemba001,10,*BX,43/G4
play,5,1,neuss001,12,CBSX,S8/G4M
play,5,1,smitk003,22,B*SBSX,7/L78D
play,5,1,pachc001,12,F1B>FX,9/F9
play,5,1,kempt001,22,B+1*B11CC1X,6(1)/FO/G4M.B-1
play,6,0,matej003,10,BX,D8/L8XD
play,6,0,mullc002,00,X,13/G34S.2-3
play,6,0,mounr001,32,*BFSF*BF*BX,FC/G3S.3XH(32);B-1
play,6,0,santa003,00,X,2/P5F/FL
play,6,1,andre001,00,,NP
sub,krehj001,"Joey Krehbiel",0,0,1
play,6,1,andre001,22,.CBCFFBFS,K
play,6,1,murps001,32,BCBSBS,K
play,6,1,mckib001,32,CBBCBFX,S9/L9
play,6,1,bethc001,32,BBSBC>X,E5/TH/G56.1-H(NR)(UR);B-2
play,6,1,brows003,31,BBSBB,W
play,6,1,neuss001,00,,NP
sub,diplm001,"Marcos Diplan",0,0,1
play,6,1,neuss001,22,.BFFBX,S9/L9L.2-H(UR);1-3
play,6,1,smitk003,11,CB+1X,E4/G.3-H(NR)(UR);1-2;B-1
play,6,1,pachc001,11,*BCX,S9/L89.2-H(UR);1-3
play,6,1,kempt001,12,BC1C1X,3/G34S
play,7,0,manct001,00,,NP
sub,acevd001,"Domingo Acevedo",1,0,1
play,7,0,manct001,10,.BX,S7/L7S
play,7,0,odorr001,12,CSB*S,K
play,7,0,uriar001,22,SSBBX,S7/L7.1-3
play,7,0,haysa001,12,C*BSFX,9/F9L/DP.3XH(92)
play,7,1,andre001,00,,NP
sub,akink001,"Keegan Akin",0,0,1
play,7,1,andre001,02,.LFX,4/P34D
play,7,1,murps001,02,FCFFFS,K
play,7,1,mckib001,22,SSBFFFBX,63/G4
play,8,0,bemba001,00,,NP
sub,grimj002,"Justin Grimm",1,0,1
play,8,0,bemba001,22,.FBBCFX,53/G4+
play,8,0,matej003,32,SBSBBC,K
play,8,0,mullc002,11,BFX,T8/F89XD
play,8,0,mounr001,22,CF*BBS,K
play,8,1,bethc001,12,SSBX,4/P34D
play,8,1,brows003,10,BX,7/L78
play,8,1,neuss001,01,CX,8/F8
play,9,0,santa003,00,,NP
sub,jimed002,"Dany Jimenez",1,0,1
play,9,0,santa003,30,.BBBB,W
play,9,0,manct001,12,BCFC,K
play,9,0,odorr001,31,CBBBX,8/F8D
play,9,0,uriar001,12,FSBX,S8/G4M+.1-2
play,9,0,haysa001,01,FX,S9/G3.2-3;1-2
play,9,0,bemba001,00,,NP
sub,mcker001,"Ryan McKenna",0,8,11
play,9,0,mcker001,22,.CBS*BS,K
data,er,akink001,0
data,er,diplm001,0
data,er,watks003,1
data,er,krehj001,0
data,er,jimed002,0
data,er,grimj002,0
data,er,montf001,1
data,er,acevd001,0
id,OAK202204230
version,2
info,visteam,TEX
info,hometeam,OAK
info,site,OAK01
info,date,2022/04/23
info,number,0
info,starttime,1:07PM
info,daynight,day
info,innings,9
info,tiebreaker,2
info,usedh,true
info,umphome,knigb901
info,ump1b,ortir901
info,ump2b,valej901
info,ump3b,eddid901
info,umplf,(none)
info,umprf,(none)
info,inputtime,2022/09/26 06:24:21
info,howscored,unknown
info,pitches,pitches
info,oscorer,thomc701
info,temp,67
info,winddir,torf
info,windspeed,6
info,fieldcond,unknown
info,precip,none
info,sky,sunny
info,timeofgame,161
info,attendance,9120
info,wp,burkb001
info,lp,montf001
info,save,bushm001
start,millb002,"Brad Miller",0,1,7
start,semim001,"Marcus Semien",0,2,4
start,seagc001,"Corey Seager",0,3,6
start,garvm001,"Mitch Garver",0,4,2
start,lowen001,"Nathaniel Lowe",0,5,3
start,calhk001,"Kole Calhoun",0,6,9
start,garca005,"Adolis Garcia",0,7,8
start,calhw001,"Willie Calhoun",0,8,10
start,ibana001,"Andy Ibanez",0,9,5
start,perem004,"Martin Perez",0,0,1
start,kempt001,"Tony Kemp",1,1,7
start,neuss001,"Sheldon Neuse",1,2,5
start,murps001,"Sean Murphy",1,3,2
start,bethc001,"Christian Bethancourt",1,4,3
start,piscs001,"Stephen Piscotty",1,5,9
start,andre001,"Elvis Andrus",1,6,10
start,lopec001,"Christian Lopes",1,7,4
start,pachc001,"Cristian Pache",1,8,8
start,allen002,"Nick Allen",1,9,6
start,montf001,"Frankie Montas",1,0,1
play,1,0,millb002,00,X,8/F89S
play,1,0,semim001,22,CBSBS,K
play,1,0,seagc001,32,BFFBBFFS,K
play,1,1,kempt001,21,BBCX,31/G34
play,1,1,neuss001,11,CBX,63/G6
play,1,1,murps001,22,BCCBX,53/G56
play,2,0,garvm001,01,CX,7/F78
play,2,0,lowen001,12,CFBFT,K
play,2,0,calhk001,12,SFBS,K
play,2,1,bethc001,32,CBBCBC,K
play,2,1,piscs001,00,X,8/F8XD
play,2,1,andre001,22,BCCFBC,K
play,3,0,garca005,01,CX,E6/TH/G6.B-1
play,3,0,calhw001,21,CB1BX,46(1)3/GDP/G34
play,3,0,ibana001,12,SSBFC,K
play,3,1,lopec001,32,CBBSBX,43/G4
play,3,1,pachc001,11,SBX,8/F8
play,3,1,allen002,02,FCX,D7/F7D
play,3,1,kempt001,32,BFSBBFS,K
play,4,0,millb002,22,CBSBX,8/F89S
play,4,0,semim001,32,FBCBBS,K
play,4,0,seagc001,32,BFTBBB,W
play,4,0,garvm001,12,FCBX,6/F7LS
play,4,1,neuss001,22,FFBBFX,63/G6
play,4,1,murps001,00,X,53/G5
play,4,1,bethc001,20,BBX,53/G56
play,5,0,lowen001,22,CBBFX,7/F7
play,5,0,calhk001,11,BSX,S7/L78
play,5,0,garca005,00,H,HP.1-2
play,5,0,calhw001,12,CFBX,46(1)/FO/G34/DP.2XH(635);B-1
com,"$Rangers challenged (tag play), call on the field was upheld."
play,5,1,piscs001,32,CBSBBX,3/G34
play,5,1,andre001,32,BSBBFS,K
play,5,1,lopec001,30,BBBB,W
play,5,1,pachc001,00,X,S8/G6M.1-2
play,5,1,allen002,01,CX,8/F89D
play,6,0,ibana001,22,BBSSS,K
play,6,0,millb002,00,X,9/F9D+
play,6,0,semim001,11,BFX,8/F8D
play,6,1,kempt001,12,BFCX,9/F89D
play,6,1,neuss001,12,SSBX,63/G56
play,6,1,murps001,32,BBBCCS,K
play,7,0,seagc001,00,X,43/G34
play,7,0,garvm001,22,CBBFT,K
play,7,0,lowen001,00,X,3/G3
play,7,1,bethc001,00,,NP
sub,burkb001,"Brock Burke",0,0,1
play,7,1,bethc001,02,.FFFFFFC,K
play,7,1,piscs001,01,FX,D8/L78
play,7,1,andre001,30,BBBB,W
play,7,1,lopec001,12,FFFBX,3/P34
play,7,1,pachc001,00,X,63/G6
play,8,0,calhk001,11,BCX,43/G34D
play,8,0,garca005,00,X,S9/G4
play,8,0,calhw001,32,11CBBF1B>X,S9/G34.1-3
play,8,0,ibana001,00,,NP
sub,heimj001,"Jonah Heim",0,9,11
play,8,0,heimj001,00,.,NP
sub,acevd001,"Domingo Acevedo",1,0,1
play,8,0,heimj001,00,..,NP
sub,white006,"Eli White",0,8,12
play,8,0,heimj001,00,...>X,3/G3.1-2
play,8,0,millb002,11,BSX,S7/L7LS.3-H;2-H;B-2
com,"$Umpire reviewed (home-plate collision), call on the field was overturned."
play,8,0,semim001,10,B>C,SB3
play,8,0,semim001,11,B>C.X,9/F89D
play,8,1,allen002,00,.,NP
sub,culbc001,"Charlie Culberson",0,9,5
play,8,1,allen002,00,..,NP
sub,martb002,"Brett Martin",0,0,1
com,"ej,kotsm001,M,knigb901,Call at HP (reversed)"
com,"$Athletics manager Mark Kotsay ejected by HP umpire Brian Knight"
com,"for arguing the overturning of the out call at HP due to catcher"
com,"Murphy deemed to have blocked the plate before he had possession"
com,"of the ball"
play,8,1,allen002,02,....CS*S,K.BX1(23)
play,8,1,kempt001,00,X,3/G3
play,8,1,neuss001,01,CX,13/G1S
play,9,0,seagc001,00,,NP
sub,sneak001,"Kirby Snead",1,0,1
play,9,0,seagc001,02,.SCX,7/L7S
play,9,0,garvm001,10,BX,S9/F9LS
play,9,0,lowen001,11,CB1,POCS2(136)
play,9,0,lowen001,12,CB1.CC,K
play,9,1,murps001,00,,NP
sub,bushm001,"Matt Bush",0,0,1
play,9,1,murps001,12,.SSBS,K
play,9,1,bethc001,00,,NP
sub,mckib001,"Billy McKinney",1,4,11
play,9,1,mckib001,12,.BCSFX,8/F78S
play,9,1,piscs001,12,CTFBFX,53/G56
data,er,martb002,0
data,er,bushm001,0
data,er,burkb001,0
data,er,perem004,0
data,er,sneak001,0
data,er,montf001,2
data,er,acevd001,0
id,OAK202204290
version,2
info,visteam,CLE
info,hometeam,OAK
info,site,OAK01
info,date,2022/04/29
info,number,0
info,starttime,6:40PM
info,daynight,night
info,innings,9
info,tiebreaker,2
info,usedh,true
info,umphome,gibsg901
info,ump1b,mahrn901
info,ump2b,drakr901
info,ump3b,littw901
info,umplf,(none)
info,umprf,(none)
info,inputtime,2022/10/03 09:01:03
info,howscored,unknown
info,pitches,pitches
info,oscorer,younj701
info,temp,66
info,winddir,torf
info,windspeed,13
info,fieldcond,unknown
info,precip,none
info,sky,cloudy
info,timeofgame,201
info,attendance,12910
info,wp,stept002
info,lp,acevd001
info,save,clase001
start,stram002,"Myles Straw",0,1,8
start,millo002,"Owen Miller",0,2,3
start,ramij003,"Jose Ramirez",0,3,5
start,naylj001,"Josh Naylor",0,4,9
start,reyef001,"Franmil Reyes",0,5,10
start,gimea001,"Andres Gimenez",0,6,6
start,cleme002,"Ernie Clement",0,7,4
start,palar002,"Richie Palacios",0,8,7
start,hedga001,"Austin Hedges",0,9,2
start,civaa001,"Aaron Civale",0,0,1
start,kempt001,"Tony Kemp",1,1,4
start,neuss001,"Sheldon Neuse",1,2,5
start,lowrj001,"Jed Lowrie",1,3,10
start,murps001,"Sean Murphy",1,4,2
start,brows003,"Seth Brown",1,5,3
start,pindc001,"Chad Pinder",1,6,7
start,mckib001,"Billy McKinney",1,7,9
start,andre001,"Elvis Andrus",1,8,6
start,pachc001,"Cristian Pache",1,9,8
start,montf001,"Frankie Montas",1,0,1
play,1,0,stram002,22,CCBBFC,K.BX1(23)
play,1,0,millo002,22,CBSBC,K
play,1,0,ramij003,11,CBX,HR/F9D
play,1,0,naylj001,00,X,S9/L9L
play,1,0,reyef001,01,CX,64(1)/FO/G6M.B-1
play,1,1,kempt001,11,BFX,D9/L9LD
play,1,1,neuss001,22,CB*BFS,K
play,1,1,lowrj001,32,FBFFFFFFBB*B,W
play,1,1,murps001,00,X,HR/F89XD.2-H;1-H
play,1,1,brows003,11,SBX,S9/L9
play,1,1,pindc001,01,CX,S8/L8XD+.1-3
play,1,1,mckib001,22,*BCBCX,8/SF/F8XD.3-H
play,1,1,andre001,01,CX,4/P34
play,2,0,gimea001,21,BLBX,D8/L89XD
play,2,0,cleme002,10,*B2X,63/G6
play,2,0,palar002,32,BBCFBFB,W
play,2,0,hedga001,01,TX,54(1)3/GDP/G5
play,2,1,pachc001,20,BBX,63/G6
play,2,1,kempt001,22,CBCFBFT,K
play,2,1,neuss001,01,CX,S8/L8
play,2,1,lowrj001,01,F1X,8/F8D
play,3,0,stram002,12,CCBFFFX,S9/L9S
play,3,0,millo002,32,1SF*B1B*B>B,W.1-2
play,3,0,ramij003,32,*BBFF*BFB,W.2-3;1-2
play,3,0,naylj001,00,X,7/F7LS
play,3,0,reyef001,12,BTFS,K
play,3,0,gimea001,32,BBSBC>F>X,HR/F9D.3-H;2-H;1-H
play,3,0,cleme002,12,BCCFC,K
play,3,1,murps001,11,CBX,3/P3F/FL
play,3,1,brows003,22,BSBSX,8/F8D
play,3,1,pindc001,32,CBBCFBS,K
play,4,0,palar002,12,BFFC,K
play,4,0,hedga001,32,CBFBBX,53/G5
play,4,0,stram002,02,CSX,9/L9
play,4,1,mckib001,32,CSBBBFFX,43/G34D
play,4,1,andre001,10,BH,HP
play,4,1,pachc001,10,B+1X,S8/G6M.1-3
play,4,1,kempt001,10,BX,7/SF/F7LF/FL.3-H;1-2
play,4,1,neuss001,01,FX,S7/G6M.2-H
play,4,1,lowrj001,31,BBCB>X,5/P5D
play,5,0,millo002,10,BX,8/F89
play,5,0,ramij003,31,BFBBB,W
play,5,0,naylj001,00,1X,6/P5DF/FL
play,5,0,reyef001,32,BBSBS>S,K
play,5,1,murps001,00,,NP
sub,hents001,"Sam Hentges",0,0,1
play,5,1,murps001,00,.X,163/G6
play,5,1,brows003,22,FBCBS,K
play,5,1,pindc001,10,BX,53/G56
play,6,0,gimea001,00,,NP
sub,molls001,"Sam Moll",1,0,1
play,6,0,gimea001,22,.MBSBX,43/G34
play,6,0,cleme002,22,CCBBFFFFX,53/G56
play,6,0,palar002,30,BBBB,W
play,6,0,hedga001,00,,NP
sub,grimj002,"Justin Grimm",1,0,1
play,6,0,hedga001,00,.X,6/P6
play,6,1,mckib001,02,LCC,K
play,6,1,andre001,00,,NP
sub,deloe001,"Enyel De Los Santos",0,0,1
play,6,1,andre001,22,.FBFBX,S39/L9
play,6,1,pachc001,00,X,23/BG2.1-2
com,"$Guardians challenged (play at 1st), call on the field was overturned."
play,6,1,kempt001,02,FFH,HP
play,6,1,neuss001,22,BFSFB>X,T9/L9LD.2-H;1-H
play,6,1,lowrj001,12,FBSS,K
play,7,0,stram002,10,BX,D8/L89
play,7,0,millo002,22,CFF*B*BFX,D7/F7LS.2-3
play,7,0,ramij003,00,,NP
sub,acevd001,"Domingo Acevedo",1,0,1
play,7,0,ramij003,22,.CBBFX,D9/L9LD.3-H;2-H
play,7,0,naylj001,12,BCCFX,HR/F89XD.2-H
play,7,0,reyef001,12,BCSS,K
play,7,0,gimea001,01,CX,S9/L9+
play,7,0,cleme002,00,1X,54(1)3/GDP/G56
play,7,1,murps001,00,,NP
sub,merco003,"Oscar Mercado",0,2,9
play,7,1,murps001,00,.,NP
sub,naylj001,"Josh Naylor",0,4,3
play,7,1,murps001,00,..,NP
sub,stept002,"Trevor Stephan",0,0,1
play,7,1,murps001,10,...BX,63/G6M
play,7,1,brows003,12,TBSFS,K
play,7,1,pindc001,12,FCB*S,K.BX1(23)
play,8,0,palar002,00,,NP
sub,smitk003,"Kevin Smith",1,1,5
play,8,0,palar002,00,.,NP
sub,neuss001,"Sheldon Neuse",1,2,4
play,8,0,palar002,00,..,NP
sub,puk-a001,"A.J. Puk",1,0,1
play,8,0,palar002,22,...SCBBC,K
play,8,0,hedga001,12,CFFBS,K
play,8,0,stram002,01,CX,D9/L9LD
play,8,0,merco003,31,BBCBX,53/G56
play,8,1,mckib001,02,FCX,31/G34
play,8,1,andre001,01,CX,8/F89XD
play,8,1,pachc001,02,FFX,43/G4
play,9,0,ramij003,22,SBBFFX,6/L6
play,9,0,naylj001,12,SCBS,K
play,9,0,reyef001,12,SSBFS,K
play,9,1,smitk003,00,,NP
sub,clase001,"Emmanuel Clase",0,0,1
play,9,1,smitk003,02,.CFX,D9/G3
play,9,1,neuss001,02,FFX,31/G34.2-3
play,9,1,lowrj001,20,BBX,43/G34
play,9,1,murps001,12,CBFS,K
data,er,clase001,0
data,er,deloe001,2
data,er,civaa001,6
data,er,hents001,0
data,er,stept002,0
data,er,grimj002,2
data,er,montf001,5
data,er,puk-a001,0
data,er,molls001,0
data,er,acevd001,2
id,OAK202205040
version,2
info,visteam,TBA
info,hometeam,OAK
info,site,OAK01
info,date,2022/05/04
info,number,0
info,starttime,12:37PM
info,daynight,day
info,innings,9
info,tiebreaker,2
info,usedh,true
info,umphome,reybd901
info,ump1b,herna901
info,ump2b,hoyej901
info,ump3b,wolfj901
info,umplf,(none)
info,umprf,(none)
info,inputtime,2022/09/26 06:24:33
info,howscored,unknown
info,pitches,pitches
info,oscorer,feldd701
info,temp,74
info,winddir,unknown
info,windspeed,8
info,fieldcond,unknown
info,precip,none
info,sky,sunny
info,timeofgame,159
info,attendance,4838
info,wp,feyej001
info,lp,jackz002
info,save,kitta001
start,diazy001,"Yandy Diaz",0,1,3
start,franw002,"Wander Franco",0,2,10
start,arozr001,"Randy Arozarena",0,3,7
start,loweb001,"Brandon Lowe",0,4,4
start,margm001,"Manuel Margot",0,5,9
start,wallt003,"Taylor Walls",0,6,6
start,zunim001,"Mike Zunino",0,7,2
start,parei001,"Isaac Paredes",0,8,5
start,philb002,"Brett Phillips",0,9,8
start,klubc001,"Corey Kluber",0,0,1
start,kempt001,"Tony Kemp",1,1,4
start,neuss001,"Sheldon Neuse",1,2,5
start,lowrj001,"Jed Lowrie",1,3,10
start,murps001,"Sean Murphy",1,4,2
start,brows003,"Seth Brown",1,5,3
start,piscs001,"Stephen Piscotty",1,6,9
start,pindc001,"Chad Pinder",1,7,7
start,smitk003,"Kevin Smith",1,8,6
start,pachc001,"Cristian Pache",1,9,8
start,montf001,"Frankie Montas",1,0,1
play,1,0,diazy001,22,FCBBFX,63/G6
play,1,0,franw002,10,BX,3/G3
play,1,0,arozr001,22,BSCBFFFX,53/G56
play,1,1,kempt001,01,CX,8/F8D
play,1,1,neuss001,12,SBFS,K
play,1,1,lowrj001,20,BBX,63/G4
play,2,0,loweb001,32,BBBCSS,K
play,2,0,margm001,32,FBBBCX,3/P3SF/FL
play,2,0,wallt003,22,SCBBFFS,K
play,2,1,murps001,01,SX,63/G6
play,2,1,brows003,02,CCX,T9/F89D+
play,2,1,piscs001,02,FSS,K
play,2,1,pindc001,22,BCBFS,K
play,3,0,zunim001,30,BBBB,W
play,3,0,parei001,02,CSS,K
play,3,0,philb002,10,BX,8/F89XD
play,3,0,diazy001,11,C*BX,64(1)/FO/G56.B-1
play,3,1,smitk003,00,X,63/G6
play,3,1,pachc001,00,X,43/G6M
play,3,1,kempt001,12,BLFC,K
play,4,0,franw002,22,BBCTX,2/P3SF/FL
play,4,0,arozr001,10,BX,9/F9
play,4,0,loweb001,00,X,S8/G6M
play,4,0,margm001,11,1B>F1X,S7/L78S.1-2
play,4,0,wallt003,01,CX,6(1)/FO/G6.B-1
play,4,1,neuss001,22,SBCBC,K
play,4,1,lowrj001,21,FBBX,S9/L89D
play,4,1,murps001,32,CBFBBFB,W.1-2
play,4,1,brows003,02,CFS,K
play,4,1,piscs001,00,X,8/F89D
play,5,0,zunim001,00,X,8/F8
play,5,0,parei001,11,CBX,S8/L8D+
play,5,0,philb002,22,*SB1SB*S,K
play,5,0,diazy001,12,BFFX,4/P3D
play,5,1,pindc001,11,BFX,63/G6
play,5,1,smitk003,12,CFBS,K
play,5,1,pachc001,00,X,63/G6
play,6,0,franw002,32,FBFFBFBFX,8/F8XD
play,6,0,arozr001,00,X,D8/L89XD+
play,6,0,loweb001,11,*BSX,7/F7D
play,6,0,margm001,00,>B,SB3
play,6,0,margm001,10,>B.X,53/G56S
play,6,1,kempt001,11,BSX,S7/L78S
play,6,1,neuss001,01,11CX,8/F89D
play,6,1,lowrj001,10,BX,7/F7D
play,6,1,murps001,00,1X,64(1)/FO/G6.B-1
play,7,0,wallt003,22,BBFTT,K
play,7,0,zunim001,22,CFBFBC,K
play,7,0,parei001,21,CBBX,5/P56
play,7,1,brows003,00,,NP
sub,feyej001,"J.P. Feyereisen",0,0,1
play,7,1,brows003,00,.X,9/F9
play,7,1,piscs001,01,CX,63/G6
play,7,1,pindc001,01,SX,S7/F8
play,7,1,smitk003,02,SFS,K
play,8,0,philb002,00,,NP
sub,jackz002,"Zach Jackson",1,0,1
play,8,0,philb002,31,.BCBBB,W
play,8,0,diazy001,01,C1B,WP.1-2
play,8,0,diazy001,22,C1B.FBX,63/G6.2-3
play,8,0,franw002,12,FBFFS,K
play,8,0,arozr001,32,BFBBF*B,W
play,8,0,loweb001,11,SBH,HP.1-2
com,"$Athletics challenged (hit by pitch), call on the field was upheld."
play,8,0,margm001,12,CBFX,S9/L9L.3-H;2-H;1-3
play,8,0,wallt003,00,,NP
sub,acevd001,"Domingo Acevedo",1,0,1
play,8,0,wallt003,00,.1N,BK.3-H(NR);1-2
play,8,0,wallt003,00,.1N.X,9/L9
play,8,1,pachc001,01,CX,1/G34S-
play,8,1,kempt001,00,,NP
sub,pochc001,"Colin Poche",0,0,1
play,8,1,kempt001,10,.BX,6/P6D
play,8,1,neuss001,12,BCFS,K
play,9,0,zunim001,12,CBFFX,5/L5
play,9,0,parei001,11,SBX,D7/G5
play,9,0,philb002,00,X,7/F7LS
play,9,0,diazy001,22,FBFBH,HP
play,9,0,franw002,12,FFFBFFFX,6/P4MD
play,9,1,lowrj001,00,,NP
sub,kitta001,"Andrew Kittredge",0,0,1
play,9,1,lowrj001,32,.BBFBSX,6/L4MD+
play,9,1,murps001,11,CBX,7/F78S
play,9,1,brows003,00,X,9/L9
data,er,feyej001,0
data,er,kitta001,0
data,er,pochc001,0
data,er,klubc001,0
data,er,jackz002,3
data,er,montf001,0
data,er,acevd001,0
id,OAK202205150
version,2
info,visteam,ANA
info,hometeam,OAK
info,site,OAK01
info,date,2022/05/15
info,number,0
info,starttime,1:07PM
info,daynight,day
info,innings,9
info,tiebreaker,2
info,usedh,true
info,umphome,fostm901
info,ump1b,vondc901
info,ump2b,barrs901
info,ump3b,may-b901
info,umplf,(none)
info,umprf,(none)
info,inputtime,2022/09/26 06:24:45
info,howscored,unknown
info,pitches,pitches
info,oscorer,younj701
info,temp,67
info,winddir,torf
info,windspeed,14
info,fieldcond,unknown
info,precip,none
info,sky,cloudy
info,timeofgame,209
info,attendance,14668
info,wp,sandp002
info,lp,montf001
info,save,hergj001
start,wardt002,"Taylor Ward",0,1,9
start,troum001,"Mike Trout",0,2,8
start,ohtas001,"Shohei Ohtani",0,3,10
start,renda001,"Anthony Rendon",0,4,5
start,walsj001,"Jared Walsh",0,5,3
start,marsb002,"Brandon Marsh",0,6,7
start,wallc001,"Chad Wallach",0,7,2
start,wadet002,"Tyler Wade",0,8,4
start,velaa001,"Andrew Velazquez",0,9,6
start,sandp002,"Patrick Sandoval",0,0,1
start,kempt001,"Tony Kemp",1,1,4
start,lowrj001,"Jed Lowrie",1,2,10
start,laurr001,"Ramon Laureano",1,3,9
start,pindc001,"Chad Pinder",1,4,7
start,murps001,"Sean Murphy",1,5,2
start,bethc001,"Christian Bethancourt",1,6,3
start,andre001,"Elvis Andrus",1,7,6
start,smitk003,"Kevin Smith",1,8,5
start,pachc001,"Cristian Pache",1,9,8
start,montf001,"Frankie Montas",1,0,1
play,1,0,wardt002,02,FCS,K
play,1,0,troum001,22,CFBBFX,S8/L89
play,1,0,ohtas001,21,BS*BX,HR/F89XD.1-H
play,1,0,renda001,10,BX,D8/F78XD+
play,1,0,walsj001,32,*B*BCS*BFS,K
play,1,0,marsb002,01,CX,63/G6M
play,1,1,kempt001,11,CBH,HP
play,1,1,lowrj001,21,*BBSX,4/P4MD
play,1,1,laurr001,20,BBX,7/L7D
play,1,1,pindc001,32,B+1BTB1F>X,S9/L9S.1-2
play,1,1,murps001,32,CBBCB>*B,W.2-3;1-2
play,1,1,bethc001,02,CFT,K
play,2,0,wallc001,22,BSCBS,K
play,2,0,wadet002,32,CBFBBFT,K
play,2,0,velaa001,02,LTS,K
play,2,1,andre001,02,FFFX,S8/L8D
play,2,1,smitk003,00,X,13/SH/BG23.1-2
play,2,1,pachc001,12,BSCS,K
play,2,1,kempt001,12,FCBFX,8/F8S
play,3,0,wardt002,22,BBFFX,T8/F8XD
play,3,0,troum001,12,SBFS,K
play,3,0,ohtas001,30,VVVV,IW
play,3,0,renda001,32,1FB*B1BFFFS,K
play,3,0,walsj001,12,SBFX,3/G34S
play,3,1,lowrj001,32,BBCBFB,W
play,3,1,laurr001,10,BX,S9/G34.1-2
play,3,1,pindc001,11,SBX,1/SH/BG23.2-3;1-2
play,3,1,murps001,12,SBCX,63/G6.3-H
play,3,1,bethc001,01,SX,63/G6+
play,4,0,marsb002,11,BCX,8/L8D
play,4,0,wallc001,12,CBFC,K
play,4,0,wadet002,00,X,E6/G6MD.B-1
play,4,0,velaa001,02,1FSFS,K
play,4,1,andre001,00,X,43/G4+
play,4,1,smitk003,02,FFX,63/G6
play,4,1,pachc001,32,BSFBBX,63/G6
play,5,0,wardt002,02,CCS,K
play,5,0,troum001,32,BFBFBX,9/F89D+
play,5,0,ohtas001,12,SFBX,S49/G34
play,5,0,renda001,12,BFS>B,CS2(24)
play,5,1,kempt001,10,BX,3/G3
play,5,1,lowrj001,11,FBX,S7/G6
play,5,1,laurr001,01,FX,6(1)/FO/G6.B-1
play,5,1,pindc001,31,BBBCB,W.1-2
play,5,1,murps001,00,>B,SB3;SB2
play,5,1,murps001,12,>B.CFS,K
play,6,0,renda001,12,BFSX,7/L78D
play,6,0,walsj001,12,SFBS,K
play,6,0,marsb002,12,BCFS,K
play,6,1,bethc001,11,BSX,43/G4D
play,6,1,andre001,32,BCSBBX,63/G6
play,6,1,smitk003,02,FCT,K
play,7,0,wallc001,00,,NP
sub,jackz002,"Zach Jackson",1,0,1
com,"umpchange,7,umphome,barrs901"
com,"$HP Umpire Foster left the game after being hit in the mask"
com,"twice with foul balls"
play,7,0,wallc001,32,.BFSB..FBFS,K
play,7,0,wadet002,32,BBCCBS,K
play,7,0,velaa001,21,BFBX,8/F78
play,7,1,pachc001,32,BBCFBB,W
play,7,1,kempt001,00,X,13/SH/BG1S.1-2
play,7,1,lowrj001,00,,NP
sub,hergj001,"Jimmy Herget",0,0,1
play,7,1,lowrj001,12,.CBFX,6/P34
play,7,1,laurr001,02,CSX,4/P3D
play,8,0,wardt002,00,,NP
sub,jimed002,"Dany Jimenez",1,0,1
play,8,0,wardt002,22,.CBCBX,S9/L9L
play,8,0,troum001,11,BCX,8/F8
play,8,0,ohtas001,32,CBB+1BSX,43/G34D.1-3
play,8,0,renda001,01,CX,S8/L8.3-H
play,8,0,walsj001,00,,NP
sub,puk-a001,"A.J. Puk",1,0,1
play,8,0,walsj001,00,.X,9/F89S
play,8,1,pindc001,12,CSBX,DGR/L7D+
play,8,1,murps001,31,BBBCX,43/G6M
play,8,1,bethc001,12,CBCFX,7/F78
play,8,1,andre001,11,CBX,63/G56D
play,9,0,marsb002,00,,NP
sub,kolaa001,"Adam Kolarek",1,0,1
play,9,0,marsb002,02,.CFX,S8/G4
play,9,0,wallc001,12,CSB>X,63/G6.1-2
play,9,0,wadet002,00,X,63/G6M.2-3
play,9,0,velaa001,01,CX,D9/L9L.3-H
play,9,0,wardt002,00,,NP
sub,acevd001,"Domingo Acevedo",1,0,1
play,9,0,wardt002,32,.CBSBBS,K
play,9,1,smitk003,00,,NP
sub,barrl001,"Luis Barrera",1,8,11
play,9,1,barrl001,11,.BCX,9/L9D
play,9,1,pachc001,00,,NP
sub,brows003,"Seth Brown",1,9,11
play,9,1,brows003,11,.BSX,5/P5SF/FL
play,9,1,kempt001,32,BBBCCFH,HP
play,9,1,lowrj001,22,SFFBFBX,9/F89D
data,er,sandp002,1
data,er,hergj001,0
data,er,jimed002,1
data,er,kolaa001,1
data,er,jackz002,0
data,er,montf001,2
data,er,puk-a001,0
data,er,acevd001,0
id,OAK202205260
version,2
info,visteam,TEX
info,hometeam,OAK
info,site,OAK01
info,date,2022/05/26
info,number,0
info,starttime,6:40PM
info,daynight,night
info,innings,9
info,tiebreaker,2
info,usedh,true
info,umphome,rippm901
info,ump1b,cuzzp901
info,ump2b,blasc901
info,ump3b,hallt901
info,umplf,(none)
info,umprf,(none)
info,inputtime,2022/09/26 06:24:57
info,howscored,unknown
info,pitches,pitches
info,oscorer,thomc701
info,temp,62
info,winddir,torf
info,windspeed,11
info,fieldcond,unknown
info,precip,none
info,sky,cloudy
info,timeofgame,164
info,attendance,3203
info,wp,bushm001
info,lp,trivl001
info,save,barlj001
start,semim001,"Marcus Semien",0,1,4
start,seagc001,"Corey Seager",0,2,6
start,garvm001,"Mitch Garver",0,3,10
start,calhk001,"Kole Calhoun",0,4,9
start,heimj001,"Jonah Heim",0,5,2
start,garca005,"Adolis Garcia",0,6,8
start,lowen001,"Nathaniel Lowe",0,7,3
start,millb002,"Brad Miller",0,8,7
start,ibana001,"Andy Ibanez",0,9,5
start,perem004,"Martin Perez",0,0,1
start,laurr001,"Ramon Laureano",1,1,9
start,lowrj001,"Jed Lowrie",1,2,10
start,pindc001,"Chad Pinder",1,3,7
start,murps001,"Sean Murphy",1,4,2
start,neuss001,"Sheldon Neuse",1,5,4
start,bethc001,"Christian Bethancourt",1,6,3
start,andre001,"Elvis Andrus",1,7,6
start,smitk003,"Kevin Smith",1,8,5
start,pachc001,"Cristian Pache",1,9,8
start,montf001,"Frankie Montas",1,0,1
play,1,0,semim001,02,FFX,63/G56
play,1,0,seagc001,00,X,7/L7D+
play,1,0,garvm001,12,BCSS,K
play,1,1,laurr001,02,CFC,K
play,1,1,lowrj001,02,CCX,63/G6+
play,1,1,pindc001,00,X,8/F8XD+
play,2,0,calhk001,10,BX,S8/L8
play,2,0,heimj001,00,X,S6/G4+.1-2
play,2,0,garca005,22,CFB*BS,K
play,2,0,lowen001,32,SBB*SBB,W.2-3;1-2
play,2,0,millb002,12,C*BSF*S,K
play,2,0,ibana001,31,C*BBBB,W.3-H;2-3;1-2
play,2,0,semim001,02,CFFX,7/F7
play,2,1,murps001,32,BBCFBC,K
play,2,1,neuss001,00,X,53/G5
play,2,1,bethc001,30,BBBB,W
play,2,1,andre001,21,CBB>C,SB2
play,2,1,andre001,22,CBB>C.FX,63/G6+
play,3,0,seagc001,11,BCX,63/G4D
play,3,0,garvm001,02,CSS,K
play,3,0,calhk001,00,X,S9/L9D+
play,3,0,heimj001,12,FFFBX,3/G34
play,3,1,smitk003,21,BBSX,63/G56
play,3,1,pachc001,22,TBCBX,9/F9LS
play,3,1,laurr001,12,CBCX,S8/G4
play,3,1,lowrj001,11,S*B1B,WP.1-2
play,3,1,lowrj001,22,S*B1B.CC,K
play,4,0,garca005,01,FX,3/L34
play,4,0,lowen001,12,CBFS,K
play,4,0,millb002,22,CSBFBT,K
play,4,1,pindc001,00,X,S7/G56+
play,4,1,murps001,21,BFBX,D7/L7LD.1-3
play,4,1,neuss001,22,BBFFC,K
play,4,1,bethc001,00,X,4/L4
play,4,1,andre001,32,BCBBSB,W
play,4,1,smitk003,00,B,WP.3-H(NR);2-3;1-2
play,4,1,smitk003,11,B.CX,53/G56
play,5,0,ibana001,32,BCFBFFBS,K
play,5,0,semim001,00,X,53/G56
play,5,0,seagc001,02,CSS,K
play,5,1,pachc001,22,CBCBX,43/G6MD
play,5,1,laurr001,01,CX,3/G34
play,5,1,lowrj001,22,BSBSX,4/L4MD
play,6,0,garvm001,11,BCX,5/P5F/FL
play,6,0,calhk001,01,CX,5/P5F/FL
play,6,0,heimj001,32,SSBBFBFFFT,K
play,6,1,pindc001,12,CBCC,K
play,6,1,murps001,02,CCX,7/L78
play,6,1,neuss001,10,BX,63/G6
play,7,0,garca005,00,X,D7/L7D+
play,7,0,lowen001,02,CFS,K
play,7,0,millb002,12,CF*BS,K
play,7,0,ibana001,00,X,3/P34S-
play,7,1,bethc001,11,BCX,13/BG23
play,7,1,andre001,10,BX,D8/L78XD
play,7,1,smitk003,02,FFS,K
play,7,1,pachc001,02,FSFX,9/F9LD
play,8,0,semim001,00,,NP
sub,acevd001,"Domingo Acevedo",1,0,1
play,8,0,semim001,22,.BSFBT,K
play,8,0,seagc001,12,FFBX,7/F7
play,8,0,garvm001,12,SBFS,K
play,8,1,laurr001,00,,NP
sub,bushm001,"Matt Bush",0,0,1
play,8,1,laurr001,01,.CX,8/F8
play,8,1,lowrj001,32,BCCBBFX,9/F9
play,8,1,pindc001,01,CX,S7/L7
play,8,1,murps001,11,BC1X,43/G4
play,9,0,calhk001,00,,NP
sub,trivl001,"Lou Trivino",1,0,1
play,9,0,calhk001,02,.CF*S,K
play,9,0,heimj001,22,FBBCX,S8/G6M+
play,9,0,garca005,00,,NP
sub,white006,"Eli White",0,5,12
play,9,0,garca005,10,.B1>X,D7/L7LD.1-H
play,9,0,lowen001,00,,NP
sub,molls001,"Sam Moll",1,0,1
play,9,0,lowen001,12,.CSBX,HR/F9D.2-H
play,9,0,millb002,00,,NP
sub,huffs001,"Sam Huff",0,8,11
play,9,0,huffs001,12,.BFFS,K
play,9,0,ibana001,21,BBCX,53/G5
play,9,1,neuss001,00,,NP
sub,white006,"Eli White",0,5,7
play,9,1,neuss001,00,.,NP
sub,huffs001,"Sam Huff",0,8,2
play,9,1,neuss001,00,..,NP
sub,barlj001,"Joe Barlow",0,0,1
play,9,1,neuss001,00,...,NP
sub,kempt001,"Tony Kemp",1,5,11
play,9,1,kempt001,32,....CBBCFFFBB,W
play,9,1,bethc001,00,,NP
sub,barrl001,"Luis Barrera",1,6,11
play,9,1,barrl001,00,.X,6(1)3/GDP/G6M
play,9,1,andre001,12,CBCX,4/P4
data,er,barlj001,0
data,er,bushm001,0
data,er,perem004,1
data,er,trivl001,2
data,er,montf001,1
data,er,molls001,1
data,er,acevd001,0
id,OAK202205310
version,2
info,visteam,HOU
info,hometeam,OAK
info,site,OAK01
info,date,2022/05/31
info,number,0
info,starttime,6:40PM
info,daynight,night
info,innings,9
info,tiebreaker,2
info,usedh,true
info,umphome,gonzm901
info,ump1b,muchm901
info,ump2b,buckc901
info,ump3b,sches901
info,umplf,(none)
info,umprf,(none)
info,inputtime,2022/09/26 06:25:05
info,howscored,unknown
info,pitches,pitches
info,oscorer,thomc701
info,temp,70
info,winddir,torf
info,windspeed,13
info,fieldcond,unknown
info,precip,none
info,sky,cloudy
info,timeofgame,203
info,attendance,3469
info,wp,montr004
info,lp,montf001
info,save,presr001
start,altuj001,"Jose Altuve",0,1,4
start,branm003,"Michael Brantley",0,2,7
start,brega001,"Alex Bregman",0,3,5
start,alvay001,"Yordan Alvarez",0,4,10
start,gurry001,"Yuli Gurriel",0,5,3
start,penaj004,"Jeremy Pena",0,6,6
start,castj006,"Jason Castro",0,7,2
start,mccoc001,"Chas McCormick",0,8,9
start,sirij001,"Jose Siri",0,9,8
start,javic001,"Cristian Javier",0,0,1
start,kempt001,"Tony Kemp",1,1,4
start,lowrj001,"Jed Lowrie",1,2,10
start,laurr001,"Ramon Laureano",1,3,9
start,brows003,"Seth Brown",1,4,3
start,murps001,"Sean Murphy",1,5,2
start,barrl001,"Luis Barrera",1,6,7
start,andre001,"Elvis Andrus",1,7,6
start,neuss001,"Sheldon Neuse",1,8,5
start,pachc001,"Cristian Pache",1,9,8
start,montf001,"Frankie Montas",1,0,1
play,1,0,altuj001,01,CX,63/G56
play,1,0,branm003,32,BBBCCC,K
play,1,0,brega001,32,BBCBCC,K
play,1,1,kempt001,11,BCX,D9/L9LD
play,1,1,lowrj001,10,*BX,7/F78
play,1,1,laurr001,32,BCCBFBC,K
play,1,1,brows003,32,BCBFBFFB,W
play,1,1,murps001,11,FBX,7/F7
play,2,0,alvay001,32,BBFFFBX,7/L7+
play,2,0,gurry001,02,CCS,K
play,2,0,penaj004,11,CBX,63/G56
play,2,1,barrl001,12,FFBT,K
play,2,1,andre001,20,BBX,D7/G5+
play,2,1,neuss001,12,SBC*S,K
play,2,1,pachc001,20,B*BX,53/G56+
play,3,0,castj006,11,BSX,31/G34D
play,3,0,mccoc001,20,BBX,S9/L9+
play,3,0,sirij001,10,BX,64(1)3/GDP/G6
play,3,1,kempt001,32,BSFFFBFBFX,7/F56D
play,3,1,lowrj001,30,BBBB,W
play,3,1,laurr001,01,FX,7/F7L+
play,3,1,brows003,20,BBX,8/L8D
play,4,0,altuj001,00,X,8/F89
play,4,0,branm003,00,X,31/G3D
play,4,0,brega001,22,CBBSX,43/G4M+
play,4,1,murps001,12,SBSS,K
play,4,1,barrl001,11,FBX,7/F7LF/FL
play,4,1,andre001,12,BFCX,DGR/L7LD
play,4,1,neuss001,30,BBBB,W
play,4,1,pachc001,00,X,S8/L8.2-H;1-2
play,4,1,kempt001,32,BFBBC>F>F>B,W.2-3;1-2
play,4,1,lowrj001,22,BFBCX,3/P3F/FL
play,5,0,alvay001,12,BCFX,S5/G6S
play,5,0,gurry001,11,TBX,8/L89XD+
play,5,0,penaj004,20,BBX,S8/G6M.1-2
play,5,0,castj006,02,TSS,K
play,5,0,mccoc001,11,C*BX,S7/L78S.2-H;1XH(72456);B-2
play,5,1,laurr001,00,,NP
sub,matop002,"Phil Maton",0,0,1
play,5,1,laurr001,21,.CBBX,S9/G34+
play,5,1,brows003,31,11BB1CBX,D9/L9LD+.1-3
play,5,1,murps001,11,SBX,FC/G56.3XH(52);B-1
play,5,1,barrl001,01,SX,8/F8
play,5,1,andre001,12,CSFBFX,8/F78
play,6,0,sirij001,22,FBBST,K
play,6,0,altuj001,02,CSFFX,8/L89D
play,6,0,branm003,20,BBX,43/G34+
play,6,1,neuss001,00,,NP
sub,stanr002,"Ryne Stanek",0,0,1
play,6,1,neuss001,32,.CBBFBB,W
play,6,1,pachc001,32,B1FCF*B*B>F>S,K+SB2
play,6,1,kempt001,00,X,8/F8D
play,6,1,lowrj001,00,X,7/F7L
play,7,0,brega001,22,FBCBX,9/F9LS
play,7,0,alvay001,21,FBBX,S9/L9D
play,7,0,gurry001,02,FCFX,S7/L7+.1-2
play,7,0,penaj004,21,BBFX,FC5/G5.2-3;1-2(E5);B-1
play,7,0,castj006,11,C*BX,46(1)3/GDP/G6MS
play,7,1,laurr001,00,,NP
sub,montr004,"Rafael Montero",0,0,1
play,7,1,laurr001,00,.X,S8/L8
play,7,1,brows003,31,B1BFBX,7/F78S
play,7,1,murps001,00,X,9/F9L
play,7,1,barrl001,12,1>F1S1B>X,43/G4
play,8,0,mccoc001,22,BSFFFBX,HR/F8XD
play,8,0,sirij001,00,,NP
sub,jackz002,"Zach Jackson",1,0,1
play,8,0,sirij001,32,.BCBBC*B,W
play,8,0,altuj001,22,BBCCB,WP.1-2
play,8,0,altuj001,32,BBCCB.*B,W
play,8,0,branm003,32,SSBBBB,W.2-3;1-2
play,8,0,brega001,31,CB*BBB,W.3-H;2-3;1-2
play,8,0,alvay001,00,,NP
sub,molls001,"Sam Moll",1,0,1
play,8,0,alvay001,21,.FBBX,5/P56D
play,8,0,gurry001,22,BFCBS,K
play,8,0,penaj004,10,BX,54(1)/FO/G6.B-1
play,8,1,andre001,00,,NP
sub,nerih001,"Hector Neris",0,0,1
play,8,1,andre001,21,.BSBX,63/G6
play,8,1,neuss001,12,TBFS,K
play,8,1,pachc001,22,BBSCS,K
play,9,0,castj006,22,BCFBC,K
play,9,0,mccoc001,00,,NP
sub,trivl001,"Lou Trivino",1,0,1
play,9,0,mccoc001,12,.BSSS,K
play,9,0,sirij001,22,CFBBFS,K
play,9,1,kempt001,00,,NP
sub,presr001,"Ryan Pressly",0,0,1
play,9,1,kempt001,11,.CBX,S9/L9
play,9,1,lowrj001,11,BFX,8/F78D
play,9,1,laurr001,02,CSX,64(1)3/GDP/G6
data,er,nerih001,0
data,er,montr004,0
data,er,stanr002,0
data,er,javic001,1
data,er,presr001,0
data,er,matop002,0
data,er,trivl001,0
data,er,jackz002,1
data,er,montf001,2
data,er,molls001,0
id,OAK202206050
version,2
info,visteam,BOS
info,hometeam,OAK
info,site,OAK01
info,date,2022/06/05
info,number,0
info,starttime,1:07PM
info,daynight,day
info,innings,9
info,tiebreaker,2
info,usedh,true
info,umphome,reynj901
info,ump1b,tosia901
info,ump2b,ticht901
info,ump3b,libkj901
info,umplf,(none)
info,umprf,(none)
info,inputtime,2022/09/26 06:25:12
info,howscored,unknown
info,pitches,pitches
info,oscorer,ducam701
info,temp,69
info,winddir,torf
info,windspeed,8
info,fieldcond,unknown
info,precip,none
info,sky,cloudy
info,timeofgame,181
info,attendance,12084
info,wp,hillr001
info,lp,montf001
info,save,
start,duraj001,"Jarren Duran",0,1,10
start,herne001,"Enrique Hernandez",0,2,8
start,dever001,"Rafael Devers",0,3,5
start,bogax001,"Xander Bogaerts",0,4,6
start,verda001,"Alex Verdugo",0,5,7
start,stort001,"Trevor Story",0,6,4
start,cordf003,"Franchy Cordero",0,7,9
start,vazqc001,"Christian Vazquez",0,8,2
start,dalbb001,"Bobby Dalbec",0,9,3
start,hillr001,"Rich Hill",0,0,1
start,pindc001,"Chad Pinder",1,1,7
start,andre001,"Elvis Andrus",1,2,6
start,lowrj001,"Jed Lowrie",1,3,10
start,laurr001,"Ramon Laureano",1,4,9
start,bethc001,"Christian Bethancourt",1,5,2
start,brows003,"Seth Brown",1,6,3
start,neuss001,"Sheldon Neuse",1,7,4
start,smitk003,"Kevin Smith",1,8,5
start,pachc001,"Cristian Pache",1,9,8
start,montf001,"Frankie Montas",1,0,1
play,1,0,duraj001,00,X,S8/G6M
play,1,0,herne001,01,F1X,S7/L78S.1-2
play,1,0,dever001,11,SBX,S7/L7S.2-H;1-2
play,1,0,bogax001,32,CBCBFBFS,K
play,1,0,verda001,12,CF*BFX,S8/L78.2-3;1-2
play,1,0,stort001,12,FBSFFS,K
play,1,0,cordf003,22,FBFBX,3/L3D+
play,1,1,pindc001,31,BFBBX,D7/G5
play,1,1,andre001,12,CBCX,4/P4D
play,1,1,lowrj001,00,X,53/G56
play,1,1,laurr001,22,FBC*BX,D9/L9L.2-H
play,1,1,bethc001,02,C>FC,K
play,2,0,vazqc001,00,X,53/G6S-
play,2,0,dalbb001,12,BCSFFX,D8/L8XD+
play,2,0,duraj001,12,SBFFS,K
play,2,0,herne001,00,X,8/F8XD
play,2,1,brows003,22,BSBSC,K
play,2,1,neuss001,01,CX,53/G56
play,2,1,smitk003,20,BBX,8/F89XD
play,3,0,dever001,00,X,8/L8D
play,3,0,bogax001,12,CSFBFFFX,53/G56
play,3,0,verda001,10,BX,3/P3F/FL
play,3,1,pachc001,02,CFFX,43/G4
play,3,1,pindc001,12,CFFBC,K
play,3,1,andre001,12,BCSFX,9/L9
play,4,0,stort001,32,CFBBFBS,K
play,4,0,cordf003,32,SBBBFX,43/G34D
play,4,0,vazqc001,12,CBSFX,63/G6M-
play,4,1,lowrj001,11,BSX,63/G6
play,4,1,laurr001,00,X,53/G56
play,4,1,bethc001,01,FX,63/G6
play,5,0,dalbb001,22,BCBFS,K
play,5,0,duraj001,12,BCFS,K
play,5,0,herne001,01,SX,8/F8D
play,5,1,brows003,11,BCX,9/L9
play,5,1,neuss001,32,BBBCCFC,K
play,5,1,smitk003,02,CCX,13/G1-
play,6,0,dever001,30,BBBB,W
play,6,0,bogax001,00,X,5E3/G6.1-2;B-1
com,"$Athletics challenged (play at 1st), call on the field was upheld."
play,6,0,verda001,22,BCFBX,9/F9S
play,6,0,stort001,22,FB*BFX,4/P4D
play,6,0,cordf003,00,X,HR/F78XD.2-H(UR);1-H(UR);B-H(UR)
play,6,0,vazqc001,22,BSBFS,K
play,6,1,pachc001,22,BFCBX,9/F89
play,6,1,pindc001,01,SX,53/G56
play,6,1,andre001,02,CCS,K
play,7,0,dalbb001,00,,NP
sub,jackz002,"Zach Jackson",1,0,1
play,7,0,dalbb001,22,.BCSFBC,K
play,7,0,duraj001,22,SBSBC,K
play,7,0,herne001,32,BBCFBX,8/F89
play,7,1,lowrj001,32,BFBCBFX,S9/G34
play,7,1,laurr001,00,,NP
sub,schrj001,"John Schreiber",0,0,1
play,7,1,laurr001,01,.CX,9/L9D+
play,7,1,bethc001,22,BBSCFFS+1,K
play,7,1,brows003,00,X,S4/G4.1-2
play,7,1,neuss001,00,,NP
sub,kempt001,"Tony Kemp",1,7,11
play,7,1,kempt001,31,.BBCBB,W.2-3;1-2
play,7,1,smitk003,02,*SFS,K
play,8,0,dever001,00,,NP
sub,kempt001,"Tony Kemp",1,7,4
play,8,0,dever001,00,.,NP
sub,puk-a001,"A.J. Puk",1,0,1
play,8,0,dever001,01,..SX,HR/F7LD
play,8,0,bogax001,12,CBFX,153/G13
play,8,0,verda001,21,BCBX,13/G4MS-
play,8,0,stort001,02,SFC,K
play,8,1,pachc001,00,,NP
sub,danit001,"Tyler Danish",0,0,1
play,8,1,pachc001,02,.CFC,K
play,8,1,pindc001,21,BFBX,43/G4M
play,8,1,andre001,32,CBBBFX,S8/L8D
play,8,1,lowrj001,00,X,9/F89
play,9,0,cordf003,00,,NP
sub,jimed002,"Dany Jimenez",1,0,1
play,9,0,cordf003,10,.BX,8/F8S
play,9,0,vazqc001,11,BCX,43/G4
play,9,0,dalbb001,32,FCBBBX,143/G1
play,9,1,laurr001,00,,NP
sub,brasr001,"Ryan Brasier",0,0,1
play,9,1,laurr001,22,.CBFBFX,9/L9
play,9,1,bethc001,10,BX,D8/L89XD+
play,9,1,brows003,32,CBBFF*BX,43/G4D.2-3
play,9,1,kempt001,12,FBFX,S8/F8.3-H
play,9,1,smitk003,00,,NP
sub,barrl001,"Luis Barrera",1,8,11
play,9,1,barrl001,22,.BFBFFS,K
data,er,danit001,0
data,er,hillr001,1
data,er,brasr001,1
data,er,schrj001,0
data,er,jimed002,0
data,er,jackz002,0
data,er,montf001,1
data,er,puk-a001,1
id,OAK202206170
version,2
info,visteam,KCA
info,hometeam,OAK
info,site,OAK01
info,date,2022/06/17
info,number,0
info,starttime,6:40PM
info,daynight,night
info,innings,9
info,tiebreaker,2
info,usedh,true
info,umphome,kulpr901
info,ump1b,ramoc901
info,ump2b,conrc901
info,ump3b,torrc901
info,umplf,(none)
info,umprf,(none)
info,inputtime,2022/09/26 06:25:24
info,howscored,unknown
info,pitches,pitches
info,oscorer,younj701
info,temp,62
info,winddir,torf
info,windspeed,15
info,fieldcond,unknown
info,precip,none
info,sky,cloudy
info,timeofgame,208
info,attendance,8772
info,wp,lyncd001
info,lp,montf001
info,save,
start,merrw001,"Whit Merrifield",0,1,4
start,benia002,"Andrew Benintendi",0,2,7
start,wittb002,"Bobby Witt Jr.",0,3,6
start,peres002,"Salvador Perez",0,4,2
start,melem001,"MJ Melendez",0,5,10
start,dozih001,"Hunter Dozier",0,6,3
start,isbek001,"Kyle Isbel",0,7,9
start,taylm002,"Michael A. Taylor",0,8,8
start,lopen001,"Nicky Lopez",0,9,5
start,lyncd001,"Daniel Lynch",0,0,1
start,pindc001,"Chad Pinder",1,1,7
start,laurr001,"Ramon Laureano",1,2,9
start,bethc001,"Christian Bethancourt",1,3,10
start,murps001,"Sean Murphy",1,4,2
start,davim005,"Matt Davidson",1,5,5
start,brows003,"Seth Brown",1,6,3
start,andre001,"Elvis Andrus",1,7,6
start,bridj001,"Jonah Bride",1,8,4
start,pachc001,"Cristian Pache",1,9,8
start,montf001,"Frankie Montas",1,0,1
play,1,0,merrw001,01,SX,S7/G6+
play,1,0,benia002,00,X,S7/L7.1-2
play,1,0,wittb002,22,BBSFFFT,K
play,1,0,peres002,01,SX,D8/L8XD+.2-H;1-3
play,1,0,melem001,22,CBFF*BS,K
play,1,0,dozih001,32,FB*BSBB,W
play,1,0,isbek001,11,C*BX,3/P3DF/FL
play,1,1,pindc001,21,CBBX,9/F9LF/FL
play,1,1,laurr001,32,BCBBSFFB,W
play,1,1,bethc001,22,BT1CBS,K
play,1,1,murps001,22,11SSB*BS,K
play,2,0,taylm002,10,BX,3/P3D
play,2,0,lopen001,10,BX,S8/G4M
play,2,0,merrw001,01,11CB,WP.1-2
play,2,0,merrw001,12,11CB.TS,K
play,2,0,benia002,32,BBBCCX,S7/L78.2-H
play,2,0,wittb002,22,SSFBBS,K
com,"umpchange,2,umphome,ramoc901"
com,"umpchange,2,ump1b,conrc901"
com,"$HP Umpire Kulpa left the game for an undisclosed reason"
play,2,1,davim005,12,...CFBS,K
play,2,1,brows003,21,BFBX,63/G4M
play,2,1,andre001,22,SBFBFX,S8/G6M
play,2,1,bridj001,22,C1FBBFFF>X,S7/L7.1-3
play,2,1,pachc001,22,FSBBB,WP.1-2
play,2,1,pachc001,32,FSBBB.*B,W
play,2,1,pindc001,12,BSFB,WP.3-H(NR)
play,2,1,pindc001,22,BSFB.X,S9/L9.2-3;1-2
play,2,1,laurr001,12,C*BFFFX,63/G6
play,3,0,peres002,20,BBX,HR/F8XD
play,3,0,melem001,32,CBSBBB,W
play,3,0,dozih001,01,FX,64(1)3/GDP/G6
play,3,0,isbek001,02,FCX,9/F9LS
play,3,1,bethc001,02,FSS,K
play,3,1,murps001,02,FCS,K
play,3,1,davim005,22,BBFF*S,K
play,4,0,taylm002,00,X,S9/L9D
play,4,0,lopen001,10,B>X,6(1)3/GDP/G6M
play,4,0,merrw001,32,BBSCBX,S8/L89D
play,4,0,benia002,00,X,43/G34D
play,4,1,brows003,22,CSBBC,K
play,4,1,andre001,10,BX,9/F9L
play,4,1,bridj001,22,BBFSFX,43/G4
play,5,0,wittb002,11,BSX,S8/L8D+
play,5,0,peres002,00,X,FC5/G56.1-3(E5);B-1
play,5,0,melem001,32,CBBF*BX,9/SF/F9LD+.3-H(UR)
play,5,0,dozih001,22,BBSFFB,WP.1-2
play,5,0,dozih001,32,BBSFFB.X,63/G6
play,5,0,isbek001,32,BCBBSFB,W
play,5,0,taylm002,32,SBTB*B>X,S6/P56.2-H(UR);1-3
play,5,0,lopen001,01,F1X,13/G1S
play,5,1,pachc001,02,CSS,K
play,5,1,pindc001,12,BFSS,K
play,5,1,laurr001,01,FX,D7/L7L
play,5,1,bethc001,02,SSFFS,K
play,6,0,merrw001,00,,NP
sub,pruia001,"Austin Pruitt",1,0,1
play,6,0,merrw001,32,.BCBBCFFFX,S56/G6
play,6,0,benia002,31,1FBB1B>X,7/F7LD
play,6,0,wittb002,00,X,7/F78XD+
play,6,0,peres002,00,>B,SB2
play,6,0,peres002,32,>B.BBFSB,W
play,6,0,melem001,21,BCBX,63/G4
play,6,1,murps001,00,,NP
sub,coled003,"Dylan Coleman",0,0,1
play,6,1,murps001,00,.X,43/G6MD
play,6,1,davim005,00,,NP
sub,kempt001,"Tony Kemp",1,5,11
play,6,1,kempt001,30,.BBBB,W
play,6,1,brows003,32,BBFFBC,K
play,6,1,andre001,31,BCBBX,S7/G56.1-2
play,6,1,bridj001,32,CBBCB>F>C,K
play,7,0,dozih001,00,,NP
sub,kempt001,"Tony Kemp",1,5,4
play,7,0,dozih001,00,.,NP
sub,bridj001,"Jonah Bride",1,8,5
play,7,0,dozih001,32,..CBFBFBFC,K
play,7,0,isbek001,11,BCX,13/G34S-
play,7,0,taylm002,22,CBBFS,K
play,7,1,pachc001,00,,NP
sub,clart003,"Taylor Clarke",0,0,1
play,7,1,pachc001,00,.,NP
sub,barrl001,"Luis Barrera",1,9,11
play,7,1,barrl001,00,..X,1/BP1S
play,7,1,pindc001,32,SBSBBFS,K
play,7,1,laurr001,02,CSS,K
play,8,0,lopen001,00,,NP
sub,laurr001,"Ramon Laureano",1,2,8
play,8,0,lopen001,00,.,NP
sub,barrl001,"Luis Barrera",1,9,9
play,8,0,lopen001,22,..CBBTX,53/G56
play,8,0,merrw001,00,X,9/F89D
play,8,0,benia002,01,FX,7/F56D
play,8,1,bethc001,00,,NP
sub,lowrj001,"Jed Lowrie",1,3,11
play,8,1,lowrj001,02,.CFFS,K
play,8,1,murps001,21,BSBX,4/P4D
play,8,1,kempt001,00,,NP
sub,speig001,"Gabe Speier",0,0,1
play,8,1,kempt001,22,.CFBBFFX,43/G4
play,9,0,wittb002,00,.,NP
sub,trivl001,"Lou Trivino",1,0,1
play,9,0,wittb002,02,..CCS,K.BX1(23)
play,9,0,peres002,12,FFBS,K
play,9,0,melem001,31,BBBFB,W
play,9,0,dozih001,00,X,63/G56
play,9,1,brows003,32,BBTFBFFB,W
play,9,1,andre001,21,BCBX,8/L8XD+
play,9,1,bridj001,00,,NP
sub,stauj001,"Josh Staumont",0,0,1
play,9,1,bridj001,30,.BB1BB,W.1-2
play,9,1,barrl001,12,CS*BS,K
play,9,1,pindc001,00,,NP
sub,vogts001,"Stephen Vogt",1,1,11
play,9,1,vogts001,00,.X,9/L9
data,er,coled003,0
data,er,stauj001,0
data,er,clart003,0
data,er,speig001,0
data,er,lyncd001,1
data,er,trivl001,0
data,er,pruia001,0
data,er,montf001,3
id,OAK202206230
version,2
info,visteam,SEA
info,hometeam,OAK
info,site,OAK01
info,date,2022/06/23
info,number,0
info,starttime,12:37PM
info,daynight,day
info,innings,9
info,tiebreaker,2
info,usedh,true
info,umphome,lentn901
info,ump1b,fairc901
info,ump2b,diazl901
info,ump3b,bacce901
info,umplf,(none)
info,umprf,(none)
info,inputtime,2022/09/26 06:25:31
info,howscored,unknown
info,pitches,pitches
info,oscorer,irvia701
info,temp,77
info,winddir,torf
info,windspeed,10
info,fieldcond,unknown
info,precip,none
info,sky,sunny
info,timeofgame,174
info,attendance,8215
info,wp,castd002
info,lp,jackz002
info,save,sewap001
start,crawj002,"J.P. Crawford",0,1,6
start,frant002,"Ty France",0,2,3
start,rodrj007,"Julio Rodriguez",0,3,8
start,winkj002,"Jesse Winker",0,4,7
start,suare001,"Eugenio Suarez",0,5,10
start,tramt001,"Taylor Trammell",0,6,9
start,toroa001,"Abraham Toro",0,7,5
start,fraza001,"Adam Frazier",0,8,4
start,torrl001,"Luis Torrens",0,9,2
start,ray-r002,"Robbie Ray",0,0,1
start,neuss001,"Sheldon Neuse",1,1,5
start,bridj001,"Jonah Bride",1,2,4
start,laurr001,"Ramon Laureano",1,3,9
start,murps001,"Sean Murphy",1,4,10
start,bethc001,"Christian Bethancourt",1,5,2
start,pindc001,"Chad Pinder",1,6,7
start,brows003,"Seth Brown",1,7,3
start,andre001,"Elvis Andrus",1,8,6
start,pachc001,"Cristian Pache",1,9,8
start,montf001,"Frankie Montas",1,0,1
play,1,0,crawj002,00,X,7/F7S
play,1,0,frant002,00,X,53/G56
play,1,0,rodrj007,10,BX,53/G5
play,1,1,neuss001,11,SBX,S9/G4
play,1,1,bridj001,01,CX,4/P4D
play,1,1,laurr001,00,1X,7/F7D
play,1,1,murps001,32,CBB>F>F*B>B,W.1-2
play,1,1,bethc001,10,BX,S7/G6.2-H;1-2
play,1,1,pindc001,12,CFBX,13/G1-
play,2,0,winkj002,12,CBSX,7/F7LF/FL
play,2,0,suare001,12,SFBS,K
play,2,0,tramt001,32,BBBCFB,W
play,2,0,toroa001,12,1CBF>S,K
play,2,1,brows003,20,BBX,9/F89S
play,2,1,andre001,22,CSBBS,K
play,2,1,pachc001,22,FBCBS,K
play,3,0,fraza001,12,CFBX,53/G56
play,3,0,torrl001,32,BFFBBFS,K
play,3,0,crawj002,02,CFX,63/G6M
play,3,1,neuss001,32,SBBFBFX,8/F8D
play,3,1,bridj001,20,BBX,7/L78
play,3,1,laurr001,02,SCH,HP
play,3,1,murps001,00,X,4(1)/FO/G4M.B-1
play,4,0,frant002,11,FBX,53/G56
play,4,0,rodrj007,02,FTS,K
play,4,0,winkj002,11,BFX,7/F78
play,4,1,bethc001,31,BCBBB,W
play,4,1,pindc001,10,B1X,6(1)3/GDP/G6M
play,4,1,brows003,12,BCCS,K
play,5,0,suare001,22,BFFBC,K
play,5,0,tramt001,02,CSS,K
play,5,0,toroa001,01,CX,43/G34D
play,5,1,andre001,22,BCFBFFFS,K
play,5,1,pachc001,02,SST,K
play,5,1,neuss001,32,BSFFBBX,S5/G6S
play,5,1,bridj001,00,,NP
sub,moord002,"Dylan Moore",0,2,3
play,5,1,bridj001,11,.CBX,9/F89S
play,6,0,fraza001,01,FX,7/F78S
play,6,0,torrl001,21,CBBX,6/F6D
play,6,0,crawj002,12,BFFX,3/G3
play,6,1,laurr001,01,CX,D7/F7D+
play,6,1,murps001,12,BFFFFS,K
play,6,1,bethc001,32,BT*BBSX,63/G6+
play,6,1,pindc001,01,FX,8/F8XD+
play,7,0,moord002,32,BCCBBFS,K
play,7,0,rodrj007,00,X,9/F9LD
play,7,0,winkj002,31,BBFBB,W
play,7,0,suare001,32,SBBBC>S,K
play,7,1,brows003,00,,NP
sub,munoa002,"Andres Munoz",0,0,1
play,7,1,brows003,00,.X,S7/F56D
play,7,1,andre001,02,SCS,K
play,7,1,pachc001,02,CS>B,SB2
play,7,1,pachc001,22,CS>B.BC,K
play,7,1,neuss001,12,CFBC,K
play,8,0,tramt001,00,X,3/G3
play,8,0,toroa001,11,BCX,43/G4D
play,8,0,fraza001,12,FBFX,S7/L7L
play,8,0,torrl001,00,X,S7/L78+.1-2
play,8,0,crawj002,32,BFF*B*B>F>F>F>X,43/G34D+
play,8,1,bridj001,00,,NP
sub,castd002,"Diego Castillo",0,0,1
play,8,1,bridj001,00,.,NP
sub,kempt001,"Tony Kemp",1,2,11
play,8,1,kempt001,00,..X,3/P34
play,8,1,laurr001,12,CBSS,K
play,8,1,murps001,22,SBFBFT,K
play,9,0,moord002,00,,NP
sub,kempt001,"Tony Kemp",1,2,4
play,9,0,moord002,00,.,NP
sub,jackz002,"Zach Jackson",1,0,1
play,9,0,moord002,32,..BCBCBFFB,W
play,9,0,rodrj007,01,CX,4/P3D
play,9,0,winkj002,30,*BBB*B,W.1-2
play,9,0,suare001,22,BSBSFS,K
play,9,0,tramt001,00,,NP
sub,puk-a001,"A.J. Puk",1,0,1
play,9,0,tramt001,00,.,NP
sub,padlk001,"Kevin Padlo",0,6,11
play,9,0,padlk001,30,..BB*BB,W.2-3;1-2
play,9,0,toroa001,00,B,WP.3-H(NR);2-3;1-2
play,9,0,toroa001,32,B.CBBCB,W+WP.3-H(NR);2-3
play,9,0,fraza001,02,CC>B,SB2
play,9,0,fraza001,22,CC>B.BFFX,53/G5
play,9,1,bethc001,00,,NP
sub,moord002,"Dylan Moore",0,2,9
play,9,1,bethc001,00,.,NP
sub,padlk001,"Kevin Padlo",0,6,3
play,9,1,bethc001,00,..,NP
sub,sewap001,"Paul Sewald",0,0,1
play,9,1,bethc001,11,...SBX,9/F9LD
play,9,1,pindc001,11,SBX,6/P56D
play,9,1,brows003,22,BFBSN.C,K
com,"ej,brows003,P,lentn901,Called third strike"
com,"$Athletics first baseman Seth Brown ejected by HP umpire Nic Lentz"
com,"for arguing called third strike (after game ended)"
data,er,sewap001,0
data,er,munoa002,0
data,er,ray-r002,1
data,er,castd002,0
data,er,jackz002,2
data,er,montf001,0
data,er,puk-a001,0
id,OAK202207212
version,2
info,visteam,DET
info,hometeam,OAK
info,site,OAK01
info,date,2022/07/21
info,number,2
info,starttime,4:16PM
info,daynight,day
info,innings,9
info,tiebreaker,2
info,usedh,true
info,umphome,cejan901
info,ump1b,barrt901
info,ump2b,barkl901
info,ump3b,merzd901
info,umplf,(none)
info,umprf,(none)
info,inputtime,2022/09/26 06:26:02
info,howscored,unknown
info,pitches,pitches
info,oscorer,ducam701
info,temp,68
info,winddir,unknown
info,windspeed,17
info,fieldcond,unknown
info,precip,none
info,sky,sunny
info,timeofgame,165
info,attendance,7282
info,wp,acevd001
info,lp,hillg002
info,save,
start,greer003,"Riley Greene",0,1,8
start,reyev001,"Victor Reyes",0,2,9
start,baezj001,"Javier Baez",0,3,6
start,cabrm001,"Miguel Cabrera",0,4,10
start,casth001,"Harold Castro",0,5,3
start,schoj001,"Jonathan Schoop",0,6,4
start,candj002,"Jeimer Candelario",0,7,5
start,barnt001,"Tucker Barnhart",0,8,2
start,badda001,"Akil Baddoo",0,9,7
start,hillg002,"Garrett Hill",0,0,1
start,machv001,"Vimael Machin",1,1,5
start,laurr001,"Ramon Laureano",1,2,8
start,murps001,"Sean Murphy",1,3,10
start,brows003,"Seth Brown",1,4,9
start,andre001,"Elvis Andrus",1,5,6
start,vogts001,"Stephen Vogt",1,6,2
start,garcd004,"Dermis Garcia",1,7,3
start,kempt001,"Tony Kemp",1,8,7
start,allen002,"Nick Allen",1,9,4
start,montf001,"Frankie Montas",1,0,1
play,1,0,greer003,22,SBBFX,S1/G34S
play,1,0,reyev001,32,CF*B1B*B>S,K+CS2(26)/DP
play,1,0,baezj001,22,FSBBFX,53/G56
play,1,1,machv001,22,FFFBBX,8/L78D
play,1,1,laurr001,11,CBX,4/P3D
play,1,1,murps001,22,BCBFFC,K
play,2,0,cabrm001,32,BFBBSS,K
play,2,0,casth001,22,CBFBX,D9/F89XD+
play,2,0,schoj001,32,CBF*B*BT,K
play,2,0,candj002,00,X,8/F78XD+
play,2,1,brows003,22,TBSBFC,K
play,2,1,andre001,30,BBBB,W
play,2,1,vogts001,31,BBBC1B,W.1-2
play,2,1,garcd004,22,BTBCS,K
play,2,1,kempt001,02,FFX,5/P5DF/FL
play,3,0,barnt001,00,X,S7/F78S
play,3,0,badda001,31,BC*BBX,8/F89XD
play,3,0,greer003,02,CFB,WP.1-2
play,3,0,greer003,12,CFB.S,K
play,3,0,reyev001,11,BFB,WP.2-3
play,3,0,reyev001,31,BFB.BB,W
play,3,0,baezj001,02,FF*S,K.BX1(23)
play,3,1,allen002,00,X,53/G25
play,3,1,machv001,01,CX,7/L7
play,3,1,laurr001,32,BCBFFBFX,S9/G4
play,3,1,murps001,11,1BC1X,54(1)/FO/G56S.B-1
play,4,0,cabrm001,00,,NP
sub,pruia001,"Austin Pruitt",1,0,1
play,4,0,cabrm001,32,.CCBBBB,W
play,4,0,casth001,00,X,7/F7L
play,4,0,schoj001,12,FFBS,K
play,4,0,candj002,32,CFB*BB>S,K
play,4,1,brows003,01,FX,13/G2
play,4,1,andre001,22,CFBBX,S9/G34
play,4,1,vogts001,20,BBX,4/L34/DP.1X1(43)
play,5,0,barnt001,02,CCX,43/G34
play,5,0,badda001,01,SX,43/G34
play,5,0,greer003,32,SCBBBFFFX,6/L4MD
play,5,1,garcd004,02,FCS,K
play,5,1,kempt001,20,BBX,4/P89S
play,5,1,allen002,22,CBFBX,4/L34
play,6,0,reyev001,00,,NP
sub,acevd001,"Domingo Acevedo",1,0,1
play,6,0,reyev001,12,.BSSS,K
play,6,0,baezj001,02,SSS,K
play,6,0,cabrm001,11,FBX,63/G6
play,6,1,machv001,32,BFBCBFFX,S5/G56
play,6,1,laurr001,00,X,S56/L5.1-2
play,6,1,murps001,01,FX,HR/F78XD.2-H;1-H
play,6,1,brows003,00,,NP
sub,chafa001,"Andrew Chafin",0,0,1
play,6,1,brows003,12,.BCCFX,S8/L8
play,6,1,andre001,12,BCFB,WP.1-2
play,6,1,andre001,22,BCFB.X,63/G6MD.2-3
play,6,1,vogts001,32,*S*BC*BBX,9/SF/F89D.3-H
play,6,1,garcd004,10,BX,S1/L15.B-2(E1/TH)
play,6,1,kempt001,22,CF*B*BFX,S7/G56.2-H(UR)
play,6,1,allen002,12,CS1FB*S,K
play,7,0,casth001,00,,NP
sub,puk-a001,"A.J. Puk",1,0,1
play,7,0,casth001,22,.BBCFX,13/G2
play,7,0,schoj001,00,X,S7/G56
play,7,0,candj002,01,FX,S9/L9.1-2
play,7,0,barnt001,00,X,14(1)3/GDP/G1
play,7,1,machv001,00,,NP
sub,jimej003,"Joe Jimenez",0,0,1
play,7,1,machv001,12,.FBSFS,K
play,7,1,laurr001,32,SBSBFBFC,K
play,7,1,murps001,10,BX,9/F89D
play,8,0,badda001,00,,NP
sub,molls001,"Sam Moll",1,0,1
play,8,0,badda001,22,.BCBCX,7/F7D
play,8,0,greer003,02,CSS,K
play,8,0,reyev001,12,CBFX,31/G34
play,8,1,brows003,00,,NP
sub,cisnj001,"Jose Cisnero",0,0,1
play,8,1,brows003,21,.BFBX,S7/G56
play,8,1,andre001,10,*BX,7/F78XD
play,8,1,vogts001,10,BX,56(1)/FO/G5S-.B-1
play,8,1,garcd004,12,BSFX,S4/G4.1-2
play,8,1,kempt001,32,BFBFFB>F>X,9/L89D
play,9,0,baezj001,00,,NP
sub,trivl001,"Lou Trivino",1,0,1
play,9,0,baezj001,12,.CSBS,K
play,9,0,cabrm001,30,BBBB,HP
play,9,0,casth001,22,CBFBX,43/G3.1-2
play,9,0,schoj001,32,C*BBFFBFC,K
data,er,chafa001,1
data,er,hillg002,3
data,er,jimej003,0
data,er,cisnj001,0
data,er,trivl001,0
data,er,pruia001,0
data,er,montf001,0
data,er,puk-a001,0
data,er,molls001,0
data,er,acevd001,0
id,OAK202207260
version,2
info,visteam,HOU
info,hometeam,OAK
info,site,OAK01
info,date,2022/07/26
info,number,0
info,starttime,6:40PM
info,daynight,night
info,innings,9
info,tiebreaker,2
info,usedh,true
info,umphome,morag901
info,ump1b,segac901
info,ump2b,fleta901
info,ump3b,valej901
info,umplf,(none)
info,umprf,(none)
info,inputtime,2022/09/26 06:26:08
info,howscored,unknown
info,pitches,pitches
info,oscorer,thomc701
info,temp,66
info,winddir,torf
info,windspeed,16
info,fieldcond,unknown
info,precip,none
info,sky,sunny
info,timeofgame,184
info,attendance,5130
info,wp,montf001
info,lp,garcl007
info,save,trivl001
start,mccoc001,"Chas McCormick",0,1,7
start,penaj004,"Jeremy Pena",0,2,6
start,alvay001,"Yordan Alvarez",0,3,10
start,brega001,"Alex Bregman",0,4,5
start,tuckk001,"Kyle Tucker",0,5,9
start,diaza003,"Aledmys Diaz",0,6,4
start,matij001,"J.J. Matijevic",0,7,3
start,meyej002,"Jake Meyers",0,8,8
start,maldm001,"Martin Maldonado",0,9,2
start,garcl007,"Luis Garcia",0,0,1
start,machv001,"Vimael Machin",1,1,5
start,laurr001,"Ramon Laureano",1,2,10
start,murps001,"Sean Murphy",1,3,2
start,pindc001,"Chad Pinder",1,4,3
start,andre001,"Elvis Andrus",1,5,6
start,piscs001,"Stephen Piscotty",1,6,9
start,kempt001,"Tony Kemp",1,7,7
start,bolts001,"Skye Bolt",1,8,8
start,bridj001,"Jonah Bride",1,9,4
start,montf001,"Frankie Montas",1,0,1
play,1,0,mccoc001,12,FBCS,K
play,1,0,penaj004,00,X,5/L5
play,1,0,alvay001,12,BFFX,S7/L7+
play,1,0,brega001,10,BX,6/P5D
play,1,1,machv001,31,BSBBB,W
play,1,1,laurr001,22,B*BC*SS,K
play,1,1,murps001,32,BBCBCS,K
play,1,1,pindc001,11,B1SB,WP.1-2
play,1,1,pindc001,31,B1SB.BX,8/F78D
play,2,0,tuckk001,30,BBBB,W
play,2,0,diaza003,11,BF1X,64(1)3/GDP/G6
play,2,0,matij001,31,BBFBX,S8/L78D+
play,2,0,meyej002,22,1FBCBF1FS,K
play,2,1,andre001,22,CCBBS,K
play,2,1,piscs001,02,TSS,K
play,2,1,kempt001,02,CFS,K
play,3,0,maldm001,10,BX,D7/G5
play,3,0,mccoc001,20,BBX,53/G56S
play,3,0,penaj004,10,BX,53/G56
play,3,0,alvay001,30,*B*BBV,IW
play,3,0,brega001,30,BBBX,9/F9D
play,3,1,bolts001,22,CCBBFX,3/G3
play,3,1,bridj001,22,CBCBFX,S6/G56
play,3,1,machv001,00,X,43/G3.1-2
play,3,1,laurr001,30,B*BB*B,W
play,3,1,murps001,30,BBB*B,W.2-3;1-2
play,3,1,pindc001,12,FBFFFX,HR/F7D.3-H;2-H;1-H
play,3,1,andre001,12,CBFX,D7/G5
play,3,1,piscs001,11,BFX,9/F9S
play,4,0,tuckk001,12,BSFFX,HR/F89XD+
play,4,0,diaza003,00,X,6/L56+
play,4,0,matij001,21,BBSX,3/L3
play,4,0,meyej002,12,BSCT,K
play,4,1,kempt001,10,BX,8/F89D
play,4,1,bolts001,22,BFSFFBC,K
play,4,1,bridj001,01,CX,9/F9
play,5,0,maldm001,12,FBSS,K
play,5,0,mccoc001,00,X,63/G6
play,5,0,penaj004,10,BX,S7/L78
play,5,0,alvay001,01,FX,D8/L89XD+.1-H
play,5,0,brega001,32,FS*BFB*BX,S5/G56.2-H(E5/TH)(NR)(UR);B-2
play,5,0,tuckk001,30,VVVV,IW
play,5,0,diaza003,21,*B*BCX,9/F9
play,5,1,machv001,01,CX,43/G34
play,5,1,laurr001,11,FBX,7/F78D
play,5,1,murps001,30,BBBB,W
play,5,1,pindc001,02,CSS,K
play,6,0,matij001,00,,NP
sub,pruia001,"Austin Pruitt",1,0,1
play,6,0,matij001,32,.BBCBFX,43/G34S
play,6,0,meyej002,32,CFBFBBFC,K
play,6,0,maldm001,00,X,53/G5
play,6,1,andre001,32,BBFFBX,43/G4M
play,6,1,piscs001,32,SBFBFBX,D7/L78XD
play,6,1,kempt001,22,BFBFFX,8/L8
play,6,1,bolts001,00,,NP
sub,abreb002,"Bryan Abreu",0,0,1
play,6,1,bolts001,12,.BCFS,K
play,7,0,mccoc001,12,CSBFS,K
play,7,0,penaj004,22,FFBB*S,K
play,7,0,alvay001,00,,NP
sub,molls001,"Sam Moll",1,0,1
play,7,0,alvay001,00,.X,3/G1S
play,7,1,bridj001,32,CTBBBFS,K
play,7,1,machv001,00,H,HP
play,7,1,laurr001,32,BCBSBX,7/F7LD
play,7,1,murps001,22,B*BCFFX,3/P34
play,8,0,brega001,22,CFBBX,43/G4
play,8,0,tuckk001,22,SFBBFX,9/F89XD
play,8,0,diaza003,00,,NP
sub,jackz002,"Zach Jackson",1,0,1
play,8,0,diaza003,22,.BCBFF*S,K
play,8,1,pindc001,00,,NP
sub,nerih001,"Hector Neris",0,0,1
play,8,1,pindc001,12,.CCBC,K
play,8,1,andre001,22,BCFBC,K
play,8,1,piscs001,20,BBX,D57/G5+
play,8,1,kempt001,32,*BBBCFX,D9/F9LD.2-H
play,8,1,bolts001,22,BSC*BX,9/L89D
play,9,0,matij001,00,,NP
sub,allen002,"Nick Allen",1,9,4
play,9,0,matij001,00,.,NP
sub,trivl001,"Lou Trivino",1,0,1
play,9,0,matij001,01,..CX,13/G1S
play,9,0,meyej002,00,,NP
sub,altuj001,"Jose Altuve",0,8,11
play,9,0,altuj001,00,.X,43/G6M
play,9,0,maldm001,00,,NP
sub,gurry001,"Yuli Gurriel",0,9,11
play,9,0,gurry001,01,.FX,53/G5
data,er,abreb002,0
data,er,nerih001,1
data,er,garcl007,4
data,er,trivl001,0
data,er,pruia001,0
data,er,jackz002,0
data,er,montf001,2
data,er,molls001,0
