id,SLN202303300
version,2
info,visteam,TOR
info,hometeam,SLN
info,site,STL10
info,date,2023/03/30
info,number,0
info,gametype,regular
info,starttime,3:10PM
info,daynight,day
info,innings,9
info,tiebreaker,2
info,usedh,true
info,umphome,iassd901
info,ump1b,barrs901
info,ump2b,morag901
info,ump3b,becka901
info,umplf,(none)
info,umprf,(none)
info,inputtime,2023/08/16 09:03:31
info,howscored,unknown
info,pitches,pitches
info,oscorer,smitm701
info,temp,70
info,winddir,tolf
info,windspeed,16
info,fieldcond,unknown
info,precip,none
info,sky,sunny
info,timeofgame,218
info,attendance,47649
info,wp,garcy001
info,lp,helsr001
info,save,romaj004
start,sprig001,"George Springer",0,1,9
start,bichb001,"Bo Bichette",0,2,6
start,guerv002,"Vladimir Guerrero Jr.",0,3,3
start,varsd001,"Daulton Varsho",0,4,7
start,kirka001,"Alejandro Kirk",0,5,2
start,beltb001,"Brandon Belt",0,6,10
start,chapm001,"Matt Chapman",0,7,5
start,merrw001,"Whit Merrifield",0,8,4
start,kierk001,"Kevin Kiermaier",0,9,8
start,manoa001,"Alek Manoah",0,0,1
start,donob001,"Brendan Donovan",1,1,4
start,nootl001,"Lars Nootbaar",1,2,7
start,goldp001,"Paul Goldschmidt",1,3,3
start,arenn001,"Nolan Arenado",1,4,5
start,contw001,"Willson Contreras",1,5,2
start,oneit001,"Tyler O'Neill",1,6,8
start,gormn001,"Nolan Gorman",1,7,10
start,walkj003,"Jordan Walker",1,8,9
start,edmat001,"Tommy Edman",1,9,6
start,mikom001,"Miles Mikolas",1,0,1
play,1,0,sprig001,22,BFBFX,S9/L89D+
play,1,0,bichb001,22,BFCBX,S8/L8S.1-2
play,1,0,guerv002,21,BBFX,8/F8XD+.2-3
play,1,0,varsd001,32,BSBFFFFBX,D9/L9LS+.3-H;1-3
play,1,0,kirka001,11,FBX,S8/L8.3-H;2-H
play,1,0,beltb001,21,BBSX,8/L78D
play,1,0,chapm001,11,BFX,S9/G34.1-2
play,1,0,merrw001,12,BFFC,K
play,1,1,donob001,32,CBBBF.X,S6/G6.B-2(E6/TH)
play,1,1,nootl001,32,BCS*BBB,W
play,1,1,goldp001,32,BSFBF*BS,K
play,1,1,arenn001,00,X,S7/L7L.2-H;1-3
play,1,1,contw001,12,SCFBX,4/L4
play,1,1,oneit001,12,S*BFS,K
play,2,0,kierk001,01,CX,9/F89
play,2,0,sprig001,01,CX,S7/L78
play,2,0,bichb001,22,BFF*BX,D9/L9LD+.1-H
play,2,0,guerv002,10,BH,HP
play,2,0,varsd001,12,BFCS,K
play,2,0,kirka001,12,CCBX,9/F9D
play,2,1,gormn001,12,CSBS,K
play,2,1,walkj003,01,CX,S8/G4M+
play,2,1,edmat001,10,*BX,S8/L8.1-2
play,2,1,donob001,32,B2SBBF.X,9/L9+
play,2,1,nootl001,20,BBX,43/G34+
play,3,0,beltb001,22,FCFBFBS,K
play,3,0,chapm001,12,FCFBX,S8/L8
play,3,0,merrw001,22,SF*BFBS,K
play,3,0,kierk001,12,BCSC,K
play,3,1,goldp001,22,BCSBFX,9/F9S
play,3,1,arenn001,00,X,8/F8D
play,3,1,contw001,12,CBCX,S8/G6
play,3,1,oneit001,00,X,HR/F89XD.1-H
play,3,1,gormn001,20,BBX,S9/L89
play,3,1,walkj003,00,X,13/G13-
play,4,0,sprig001,12,CBCX,S4/G34
play,4,0,bichb001,22,BBCCFFS,K
play,4,0,guerv002,00,X,S9/G34+.1-3;B-2
play,4,0,varsd001,00,,NP
sub,thomz002,"Zack Thompson",1,0,1
play,4,0,varsd001,21,.BBTX,7/SF/L78D+.3-H
play,4,0,kirka001,12,BCF*S,K
play,4,1,edmat001,32,VBCBCFX,S5/G25
play,4,1,donob001,02,CS.FX,HR/F89XD.1-H
play,4,1,nootl001,12,CCBX,3/G3
play,4,1,goldp001,32,BBCSFFBFB,W
play,4,1,arenn001,00,,NP
sub,pop-z001,"Zach Pop",0,0,1
play,4,1,arenn001,10,.BX,54(1)3/GDP/G56S+
play,5,0,beltb001,22,BCCBS,K
play,5,0,chapm001,22,CCBFFBS,K
play,5,0,merrw001,01,FX,63/G6
play,5,1,contw001,32,BCSBBC,K
play,5,1,oneit001,22,CBBFX,63/G6
play,5,1,gormn001,00,,NP
sub,swane001,"Erik Swanson",0,0,1
play,5,1,gormn001,22,.CBBCS,K
play,6,0,kierk001,00,X,S7/G6+
play,6,0,sprig001,00,,NP
sub,verhd001,"Drew VerHagen",1,0,1
play,6,0,sprig001,12,.BFCT,K
play,6,0,bichb001,11,SBX,S7/L7.1-2
play,6,0,guerv002,32,CBBFFFFBX,54(1)/FO/G56.2-3;B-1
play,6,0,varsd001,00,,NP
sub,palla001,"Andre Pallante",1,0,1
play,6,0,varsd001,00,.X,43/G34
play,6,1,walkj003,32,BCSFBBC,K
play,6,1,edmat001,22,BFBCX,53/G6
play,6,1,donob001,00,,NP
sub,mayzt001,"Tim Mayza",0,0,1
play,6,1,donob001,11,.CBX,S7/L78+
play,6,1,nootl001,01,CX,S7/G6.1-2
play,6,1,goldp001,11,SBX,S9/L89.2-H;1-3
play,6,1,arenn001,00,,NP
sub,bassa001,"Anthony Bass",0,0,1
play,6,1,arenn001,12,.CBC>*B,SB2
play,6,1,arenn001,22,.CBC>*B.X,53/G56
play,7,0,kirka001,22,CBCFBX,63/G6M
play,7,0,beltb001,12,CFFBX,D9/G3
play,7,0,chapm001,00,,NP
sub,luken001,"Nathan Lukes",0,6,12
play,7,0,chapm001,11,.CBX,S9/L89D+.2-H
play,7,0,merrw001,00,>S,CS2(24)
play,7,0,merrw001,32,>S.SFBBBB,W
play,7,0,kierk001,10,*BX,13/G23-
play,7,1,contw001,02,.CCX,S9/G34+
play,7,1,oneit001,31,CBB1*BB,W.1-2
play,7,1,gormn001,00,,NP
sub,cimba001,"Adam Cimber",0,0,1
play,7,1,gormn001,31,.BBBCB,W.2-3;1-2
play,7,1,walkj003,01,CX,64(1)/FO/G6+.3-H;2-3;B-1
play,7,1,edmat001,00,X,FC/G34.3XH(32);1-2;B-1
play,7,1,donob001,11,BCX,6/P6D
play,8,0,sprig001,00,,NP
sub,hickj002,"Jordan Hicks",1,0,1
play,8,0,sprig001,02,.CCX,S8/F8
play,8,0,bichb001,01,CX,S5/G56S.1-2
play,8,0,guerv002,00,B,WP.2-3;1-2
play,8,0,guerv002,10,B.,NP
sub,kniza001,"Andrew Knizner",1,5,2
play,8,0,guerv002,12,B..FTX,S9/L89S.3-H;2-H;B-2
play,8,0,varsd001,22,CB*SBFFF*S,K
play,8,0,kirka001,01,CX,13/G1S-.2-3
play,8,0,luken001,00,,NP
sub,biggc002,"Cavan Biggio",0,6,11
play,8,0,biggc002,32,.C*B*SB*BB,W
play,8,0,chapm001,10,BX,64(1)/FO/G6.B-1
play,8,1,nootl001,00,.,NP
sub,garcy001,"Yimi Garcia",0,0,1
play,8,1,nootl001,32,..BBSFBB,W
play,8,1,goldp001,11,BSX,D7/L7D+.1-3
play,8,1,arenn001,11,SBX,DGR/L7LD+.3-H;2-H
play,8,1,kniza001,11,LBX,1/BP1S-
play,8,1,oneit001,00,X,8/L8
play,8,1,gormn001,30,BBBV,IW
play,8,1,walkj003,01,SX,5(2)/FO/G56.B-1
play,9,0,merrw001,00,,NP
sub,helsr001,"Ryan Helsley",1,0,1
com,"$Cardinals catcher Willson Contreras left the game due to an injured knee."
play,9,0,merrw001,30,..BBBB,W
play,9,0,kierk001,02,1CFFX,S9/G3+.1-3
play,9,0,sprig001,12,*BSFFX,S6/F78S.3-H;1-3
play,9,0,bichb001,02,SSFFFFX,46(1)/FO/G4.B-1
play,9,0,guerv002,11,VCX,8/SF/F8XD.3-H
play,9,0,varsd001,10,BX,9/F89D
play,9,1,edmat001,00,,NP
sub,romaj004,"Jordan Romano",0,0,1
play,9,1,edmat001,02,.CSS,K
play,9,1,donob001,22,CBF.BX,43/G4
play,9,1,nootl001,12,BCSS,K
data,er,manoa001,5
data,er,mayzt001,1
data,er,pop-z001,0
data,er,bassa001,1
data,er,garcy001,2
data,er,cimba001,0
data,er,swane001,0
data,er,romaj004,0
data,er,mikom001,5
data,er,thomz002,0
data,er,palla001,1
data,er,helsr001,2
data,er,verhd001,0
data,er,hickj002,2
id,SLN202304050
version,2
info,visteam,ATL
info,hometeam,SLN
info,site,STL10
info,date,2023/04/05
info,number,0
info,gametype,regular
info,starttime,12:15PM
info,daynight,day
info,innings,9
info,tiebreaker,2
info,usedh,true
info,umphome,ticht901
info,ump1b,knigb901
info,ump2b,randt901
info,ump3b,valej901
info,umplf,(none)
info,umprf,(none)
info,inputtime,2023/05/20 17:38:50
info,howscored,unknown
info,pitches,pitches
info,oscorer,webbj701
info,temp,60
info,winddir,torf
info,windspeed,10
info,fieldcond,unknown
info,precip,none
info,sky,cloudy
info,timeofgame,147
info,attendance,36300
info,wp,eldeb001
info,lp,mikom001
info,save,chavj001
start,acunr001,"Ronald Acuna Jr.",0,1,9
start,olsom001,"Matt Olson",0,2,3
start,rilea001,"Austin Riley",0,3,5
start,darnt001,"Travis d'Arnaud",0,4,2
start,harrm004,"Michael Harris II",0,5,8
start,albio001,"Ozzie Albies",0,6,4
start,ozunm001,"Marcell Ozuna",0,7,10
start,rosae001,"Eddie Rosario",0,8,7
start,arcio002,"Orlando Arcia",0,9,6
start,eldeb001,"Bryce Elder",0,0,1
start,donob001,"Brendan Donovan",1,1,4
start,burla001,"Alec Burleson",1,2,7
start,goldp001,"Paul Goldschmidt",1,3,3
start,arenn001,"Nolan Arenado",1,4,5
start,gormn001,"Nolan Gorman",1,5,10
start,carld002,"Dylan Carlson",1,6,8
start,walkj003,"Jordan Walker",1,7,9
start,edmat001,"Tommy Edman",1,8,6
start,kniza001,"Andrew Knizner",1,9,2
start,mikom001,"Miles Mikolas",1,0,1
play,1,0,acunr001,12,SFFBX,S6/G6
play,1,0,olsom001,02,C1FX,D8/L89.1-H
play,1,0,rilea001,12,CBFFFX,S8/G4M.2-H
play,1,0,darnt001,11,F*BX,9/F9D
play,1,0,harrm004,00,X,S9/G3+.1-3
play,1,0,albio001,21,FBB>S,SB2
play,1,0,albio001,22,FBB>S.FX,7/SF/L7.3-H
play,1,0,ozunm001,30,BBBB,W
play,1,0,rosae001,01,CX,3/L3D
play,1,1,donob001,30,BBBB,W
play,1,1,burla001,11,CBX,36(1)3/GDP/G3
play,1,1,goldp001,22,BBCCH,HP
play,1,1,arenn001,01,FX,64(1)/FO/G6.B-1
play,2,0,arcio002,11,SBX,63/G6
play,2,0,acunr001,22,FBBCFX,53/G56
play,2,0,olsom001,01,CX,HR/F8XD
play,2,0,rilea001,00,X,3/P3F/FL
play,2,1,gormn001,32,BSBSBS,K
play,2,1,carld002,32,FBBBFX,43/G4+
play,2,1,walkj003,02,FFS,K
play,3,0,darnt001,02,FFFX,63/G6
play,3,0,harrm004,02,SSC,K
play,3,0,albio001,31,FBBBX,S9/L9LS
play,3,0,ozunm001,12,SBCF1S,K
play,3,1,edmat001,00,X,4/L4D+
play,3,1,kniza001,11,BSX,7/F7
play,3,1,donob001,01,CX,3/G3
play,4,0,rosae001,02,CFT,K
play,4,0,arcio002,32,BCBBCFC,K
play,4,0,acunr001,00,X,S7/L78D+
play,4,0,olsom001,00,X,D9/L9LD.1-H
play,4,0,rilea001,12,CBSX,53/G56
play,4,1,burla001,32,CSBBFBS,K
play,4,1,goldp001,32,BCBCBB,W
play,4,1,arenn001,02,CCFC,K
play,4,1,gormn001,00,X,D7/F7S.1XH(72);B-1
play,5,0,darnt001,11,FBX,8/F78XD
play,5,0,harrm004,12,FSBF*S,K
play,5,0,albio001,21,CBBX,8/L89D
play,5,1,carld002,21,CBBX,8/F8XD+
play,5,1,walkj003,11,FBX,9/F9LD
play,5,1,edmat001,01,CX,43/G4+
play,6,0,ozunm001,22,CBSBC,K
play,6,0,rosae001,01,SX,8/F89XD+
play,6,0,arcio002,11,BFX,S6/G6M+
play,6,0,acunr001,00,X,4/L4MD
play,6,1,kniza001,00,X,63/G6M
play,6,1,donob001,12,CCBS,K
play,6,1,burla001,00,X,S9/L9D+
play,6,1,goldp001,30,BBBB,W.1-2
play,6,1,arenn001,22,SBFFF*B*S,K
play,7,0,olsom001,00,,NP
sub,naugp001,"Packy Naughton",1,0,1
play,7,0,olsom001,01,.CX,53/G56+
play,7,0,rilea001,31,CBBBX,D9/L9L
play,7,0,darnt001,32,CFBBBFX,63/G6
play,7,0,harrm004,22,CS*BFBX,4/L4
play,7,1,gormn001,00,,NP
sub,tonkm001,"Michael Tonkin",0,0,1
play,7,1,gormn001,12,.FSBC,K
play,7,1,carld002,22,BFCBX,63/G6MD+
play,7,1,walkj003,22,CFBFFBX,HR/L7LD
play,7,1,edmat001,00,X,5/P56
play,8,0,albio001,00,,NP
sub,strac001,"Chris Stratton",1,0,1
play,8,0,albio001,20,.BBX,31/G3
play,8,0,ozunm001,22,SSFFBFFVX,9/F89
play,8,0,rosae001,02,FCFX,43/G34
play,8,1,kniza001,00,,NP
sub,lee-d005,"Dylan Lee",0,0,1
play,8,1,kniza001,00,.,NP
sub,oneit001,"Tyler O'Neill",1,9,11
play,8,1,oneit001,22,..BBFCFX,8/F8
play,8,1,donob001,31,BCBBB,W
play,8,1,burla001,00,,NP
sub,contw001,"Willson Contreras",1,2,11
play,8,1,contw001,02,.SCX,7/L7D
play,8,1,goldp001,00,,NP
sub,mchuc001,"Collin McHugh",0,0,1
play,8,1,goldp001,22,.C*BBCFX,8/F89XD+
play,9,0,arcio002,00,,NP
sub,contw001,"Willson Contreras",1,2,2
play,9,0,arcio002,00,.,NP
sub,oneit001,"Tyler O'Neill",1,9,7
play,9,0,arcio002,31,..BBFVX,6/L6
play,9,0,acunr001,12,BCFS,K
play,9,0,olsom001,12,CCFBS,K
play,9,1,arenn001,02,CFFX,S7/G6
play,9,1,gormn001,22,CSBBX,3/L3/DP.1X1(3)
play,9,1,carld002,21,BBCX,D7/L7L
play,9,1,walkj003,32,C*BBBSFFX,D7/L7LS.2-H
play,9,1,edmat001,00,,NP
sub,chavj001,"Jesse Chavez",0,0,1
play,9,1,edmat001,22,.BCFBX,5/P5F/FL
data,er,tonkm001,1
data,er,lee-d005,0
data,er,chavj001,0
data,er,mchuc001,1
data,er,eldeb001,0
data,er,mikom001,5
data,er,naugp001,0
data,er,strac001,0
id,SLN202304160
version,2
info,visteam,PIT
info,hometeam,SLN
info,site,STL10
info,date,2023/04/16
info,number,0
info,gametype,regular
info,starttime,1:15PM
info,daynight,day
info,innings,9
info,tiebreaker,2
info,usedh,true
info,umphome,addir901
info,ump1b,merzd901
info,ump2b,barkl901
info,ump3b,littw901
info,umplf,(none)
info,umprf,(none)
info,inputtime,2023/07/04 09:04:42
info,howscored,unknown
info,pitches,pitches
info,oscorer,smitm701
info,temp,47
info,winddir,torf
info,windspeed,17
info,fieldcond,unknown
info,precip,none
info,sky,overcast
info,timeofgame,165
info,attendance,40346
info,wp,verhd001
info,lp,croww001
info,save,
start,hayek001,"Ke'Bryan Hayes",0,1,5
start,reynb001,"Bryan Reynolds",0,2,7
start,mccua001,"Andrew McCutchen",0,3,10
start,santc002,"Carlos Santana",0,4,3
start,smitc008,"Canaan Smith-Njigba",0,5,9
start,suwij001,"Jack Suwinski",0,6,8
start,castr006,"Rodolfo Castro",0,7,6
start,marct001,"Tucupita Marcano",0,8,4
start,hedga001,"Austin Hedges",0,9,2
start,kellm003,"Mitch Keller",0,0,1
start,donob001,"Brendan Donovan",1,1,4
start,burla001,"Alec Burleson",1,2,7
start,goldp001,"Paul Goldschmidt",1,3,3
start,arenn001,"Nolan Arenado",1,4,5
start,contw001,"Willson Contreras",1,5,2
start,gormn001,"Nolan Gorman",1,6,10
start,nootl001,"Lars Nootbaar",1,7,8
start,walkj003,"Jordan Walker",1,8,9
start,edmat001,"Tommy Edman",1,9,6
start,mikom001,"Miles Mikolas",1,0,1
play,1,0,hayek001,32,BBBCFFX,T89/L8D
play,1,0,reynb001,00,X,9/SF/F9D.3-H
play,1,0,mccua001,01,CX,5/L5
play,1,0,santc002,01,CX,2/P2F/FL
play,1,1,donob001,21,SBBX,8/F8XD
play,1,1,burla001,02,CC.X,8/F78
play,1,1,goldp001,32,CBBC.BFFB,W
play,1,1,arenn001,12,BCCX,S7/L78.1-2
play,1,1,contw001,22,CBBFX,S34/G4.2-H;1-2
play,1,1,gormn001,20,BBX,5/P5F/FL
play,2,0,smitc008,02,CFS,K
play,2,0,suwij001,32,BFFBFFBX,S8/L8D+
play,2,0,castr006,31,*B1BFB>X,3/G34.1-2
play,2,0,marct001,30,BBBB,W
play,2,0,hedga001,11,BCX,S7/L7L.2-H;1-2
play,2,0,hayek001,22,CBFFBX,7/F78
play,2,1,nootl001,02,CFC,K
play,2,1,walkj003,10,BX,53/G6
play,2,1,edmat001,22,BCC.BX,S8/G4M
play,2,1,donob001,12,CF.BX,3/G34S-
play,3,0,reynb001,12,CBFX,43/G4+
play,3,0,mccua001,11,BFX,53/G5D
play,3,0,santc002,11,BFX,9/F9D
play,3,1,burla001,01,FX,43/G34
play,3,1,goldp001,12,BTSX,8/F8
play,3,1,arenn001,10,BX,9/F9
play,4,0,smitc008,00,,NP
sub,carld002,"Dylan Carlson",1,2,7
play,4,0,smitc008,02,.CFT,K
play,4,0,suwij001,21,BCBX,DGR/L9LD+
play,4,0,castr006,02,FFC,K
play,4,0,marct001,31,BF*BBB,W
play,4,0,hedga001,10,BX,6/L6D
play,4,1,contw001,10,BX,9/F9D
play,4,1,gormn001,11,FBX,D9/F9LD
play,4,1,nootl001,31,BBBC*B,W
play,4,1,walkj003,12,TS.BX,S9/L89.2-3;1-2
play,4,1,edmat001,00,X,12(3)3/GDP/G1S
play,5,0,hayek001,00,,NP
sub,carld002,"Dylan Carlson",1,2,8
play,5,0,hayek001,00,.,NP
sub,nootl001,"Lars Nootbaar",1,7,7
play,5,0,hayek001,20,..BBX,63/G6
play,5,0,reynb001,01,SX,S7/F78S
play,5,0,mccua001,01,CX,64(1)3/GDP/G6
play,5,1,donob001,00,X,7/F78D
play,5,1,carld002,32,.BBCFBX,31/G3
play,5,1,goldp001,12,CFBX,43/G4
play,6,0,santc002,00,X,S9/L9+
play,6,0,smitc008,22,BCBFX,46(1)/FO/G34.B-1
play,6,0,suwij001,12,VFSS,K
play,6,0,castr006,32,CB*BF.FB>F>X,S7/L78D.1-3
play,6,0,marct001,00,,NP
sub,palla001,"Andre Pallante",1,0,1
play,6,0,marct001,01,.CX,E4/G34.3-H(NR)(UR);1-2;B-1
play,6,0,hedga001,00,X,3/G34
play,6,1,arenn001,12,BFFFFS,K
play,6,1,contw001,21,BFBX,D7/L7L+
play,6,1,gormn001,00,X,6/F78S
play,6,1,nootl001,00,X,HR/L9D.2-H
play,6,1,walkj003,02,SFFS,K
play,7,0,hayek001,30,BBBB,W
play,7,0,reynb001,10,B+1X,64(1)/FO/G6.B-1
com,"$Pirates challenged (force play), call on the field was upheld."
play,7,0,mccua001,20,BBX,S8/L8.1-3
play,7,0,santc002,22,*BSF*BFS,K
play,7,0,smitc008,30,BBBB,W.1-2
play,7,0,suwij001,00,,NP
sub,thomz002,"Zack Thompson",1,0,1
play,7,0,suwij001,00,.,NP
sub,joe-c001,"Connor Joe",0,6,11
play,7,0,joe-c001,01,..CX,8/L78D
play,7,1,edmat001,00,,NP
sub,reynb001,"Bryan Reynolds",0,2,8
play,7,1,edmat001,00,.,NP
sub,joe-c001,"Connor Joe",0,6,7
play,7,1,edmat001,00,..,NP
sub,unded001,"Duane Underwood Jr.",0,0,1
play,7,1,edmat001,21,...FBBX,3/G3+
play,7,1,donob001,02,CFFFX,3/L3
play,7,1,carld002,02,CC.X,5/L6
play,8,0,castr006,01,CX,9/F9LD+
play,8,0,marct001,00,X,13/BG13-
play,8,0,hedga001,01,CX,7/F7D
play,8,1,goldp001,00,,NP
sub,holdc001,"Colin Holderman",0,0,1
play,8,1,goldp001,11,.CBX,S8/L8+
play,8,1,arenn001,21,C*BBX,D7/L7LS.1-3
play,8,1,contw001,22,*SBS*B*S,K
play,8,1,gormn001,12,S*BSS,K
play,8,1,nootl001,30,VVVV,IW
play,8,1,walkj003,20,*BBX,8/F8XD+
play,9,0,hayek001,00,,NP
sub,gallg001,"Giovanny Gallegos",1,0,1
play,9,0,hayek001,02,.CSC,K
play,9,0,reynb001,10,BX,63/G4M
play,9,0,mccua001,32,SS.BBFBX,53/G5
play,9,1,edmat001,00,,NP
sub,bednd001,"David Bednar",0,0,1
play,9,1,edmat001,01,.CX,3/G3S-
play,9,1,donob001,22,CBFBFX,S4/G4MS
play,9,1,carld002,32,BSBBFX,2/P2F/FL
play,9,1,goldp001,00,X,64(1)/FO/G6.B-1
com,"$Cardinals challenged (force play), call on the field was upheld."
play,10,0,santc002,00,,NP
sub,verhd001,"Drew VerHagen",1,0,1
radj,mccua001,2
com,"Andrew McCutchen starts inning at 2nd base."
play,10,0,santc002,02,..SFX,43/G34.2-3
play,10,0,smitc008,01,CX,3/G3.3-H(UR)
play,10,0,joe-c001,21,BCBX,63/G6
play,10,1,arenn001,00,,NP
sub,croww001,"Wil Crowe",0,0,1
play,10,1,arenn001,00,.,NP
sub,joe-c001,"Connor Joe",0,6,9
play,10,1,arenn001,00,..,NP
sub,bae-j001,"Ji Hwan Bae",0,5,8
play,10,1,arenn001,00,...,NP
sub,reynb001,"Bryan Reynolds",0,2,7
radj,goldp001,2
com,"Paul Goldschmidt starts inning at 2nd base."
play,10,1,arenn001,21,.....FBBX,7/L7
play,10,1,contw001,32,BFFB*B*B,W
play,10,1,gormn001,00,X,DGR/L9LD+.2-H(UR);1-3
play,10,1,nootl001,30,VVVV,IW
play,10,1,walkj003,00,,NP
sub,oneit001,"Tyler O'Neill",1,5,12
play,10,1,walkj003,12,.*BFFC,K
play,10,1,edmat001,00,X,S8/G4M.3-H;2-3;1-2
data,er,kellm003,3
data,er,holdc001,0
data,er,unded001,0
data,er,croww001,1
data,er,bednd001,0
data,er,mikom001,2
data,er,thomz002,0
data,er,gallg001,0
data,er,palla001,0
data,er,verhd001,0
id,SLN202305030
version,2
info,visteam,ANA
info,hometeam,SLN
info,site,STL10
info,date,2023/05/03
info,number,0
info,gametype,regular
info,starttime,6:45PM
info,daynight,night
info,innings,9
info,tiebreaker,2
info,usedh,true
info,umphome,hudsm901
info,ump1b,wendh902
info,ump2b,tumpj901
info,ump3b,macka901
info,umplf,(none)
info,umprf,(none)
info,inputtime,2023/10/03 06:10:22
info,howscored,unknown
info,pitches,pitches
info,oscorer,smitm701
info,temp,68
info,winddir,torf
info,windspeed,9
info,fieldcond,unknown
info,precip,none
info,sky,sunny
info,timeofgame,162
info,attendance,42148
info,wp,teper001
info,lp,gallg001
info,save,estec001
start,netoz001,"Zach Neto",0,1,6
start,troum001,"Mike Trout",0,2,8
start,ohtas001,"Shohei Ohtani",0,3,10
start,renda001,"Anthony Rendon",0,4,5
start,renfh001,"Hunter Renfroe",0,5,9
start,drurb001,"Brandon Drury",0,6,4
start,wardt002,"Taylor Ward",0,7,7
start,urshg001,"Gio Urshela",0,8,3
start,wallc001,"Chad Wallach",0,9,2
start,ohtas001,"Shohei Ohtani",0,0,1
start,nootl001,"Lars Nootbaar",1,1,9
start,goldp001,"Paul Goldschmidt",1,2,3
start,gormn001,"Nolan Gorman",1,3,10
start,arenn001,"Nolan Arenado",1,4,5
start,contw001,"Willson Contreras",1,5,2
start,burla001,"Alec Burleson",1,6,7
start,carld002,"Dylan Carlson",1,7,8
start,donob001,"Brendan Donovan",1,8,4
start,edmat001,"Tommy Edman",1,9,6
start,mikom001,"Miles Mikolas",1,0,1
play,1,0,netoz001,00,X,9/F9D
play,1,0,troum001,12,CFBFS,K
play,1,0,ohtas001,00,X,S9/G34
play,1,0,renda001,32,BBFF*B+1>X,6/F8
play,1,1,nootl001,32,CSBBBS,K
play,1,1,goldp001,12,BCSS,K
play,1,1,gormn001,00,X,HR/F8XD
play,1,1,arenn001,30,BBBB,W
play,1,1,contw001,12,CBFS,K
play,2,0,renfh001,22,BCS.BC,K
play,2,0,drurb001,22,BFBF.X,HR/F7D
play,2,0,wardt002,12,CCFBFT,K
play,2,0,urshg001,01,CX,8/F89
play,2,1,burla001,22,BCCBX,E4/G34.B-1
play,2,1,carld002,00,B,WP.1-2
play,2,1,carld002,22,B.SSBB,WP.2-3
play,2,1,carld002,32,B.SSBB.FFFC,K
play,2,1,donob001,32,BFFFB.BT,K
play,2,1,edmat001,32,CBBBCFS,K
play,3,0,wallc001,20,BBX,S9/L9
play,3,0,netoz001,22,BCC.BX,S9/G34.1-2
play,3,0,troum001,22,SBC*BX,64(1)/FO/G6.2-3;B-1
play,3,0,ohtas001,21,BBFX,S9/G34.3-H;1-3
play,3,0,renda001,22,BFF*BT,K
play,3,0,renfh001,32,BSC*BB>X,S5/G5.3-H;1-2
play,3,0,drurb001,02,CFFX,7/F7LD
play,3,1,nootl001,12,BCC.S,K
play,3,1,goldp001,12,BCFH,HP
play,3,1,gormn001,02,SC*B,OA.1X2(26)
play,3,1,gormn001,32,SC*B.BBFC,K
play,4,0,wardt002,12,CFBX,S9/L89D
play,4,0,urshg001,12,S1F*BX,64(1)3/GDP/G6
play,4,0,wallc001,22,CFBBX,6/L6D
play,4,1,arenn001,01,CX,DGR/L7L+
play,4,1,contw001,00,X,D9/L9LD.2-H
play,4,1,burla001,02,FCFS,K
play,4,1,carld002,10,BX,HR/F8XD+.2-H
play,4,1,donob001,02,CF.S,K
play,4,1,edmat001,02,CCX,53/G6
play,5,0,netoz001,11,LBX,63/G6
play,5,0,troum001,00,H,HP
play,5,0,ohtas001,22,BCCFBX,6/P6D
play,5,0,renda001,01,CX,64(1)/FO/G6.B-1
play,5,1,nootl001,00,,NP
sub,rengl001,"Luis Rengifo",0,1,4
play,5,1,nootl001,00,.,NP
sub,drurb001,"Brandon Drury",0,6,3
play,5,1,nootl001,00,..,NP
sub,urshg001,"Gio Urshela",0,8,6
play,5,1,nootl001,12,...FBCS,K
play,5,1,goldp001,32,BSBBC.T,K
play,5,1,gormn001,12,CSBX,S9/G34+
play,5,1,arenn001,22,FB*BS.FS,K
play,6,0,renfh001,00,X,7/L78D+
play,6,0,drurb001,32,BBFSFBS,K
play,6,0,wardt002,32,CBSBFBX,S8/L89+
play,6,0,urshg001,00,,NP
sub,hickj002,"Jordan Hicks",1,0,1
play,6,0,urshg001,32,.BFBCB>B,W.1-2
play,6,0,wallc001,02,FC*S,K
play,6,1,contw001,00,,NP
sub,silsc001,"Chase Silseth",0,0,1
play,6,1,contw001,10,..BX,43/G4M+
play,6,1,burla001,00,X,13/G1S
play,6,1,carld002,01,CX,63/G6+
play,7,0,rengl001,00,,NP
sub,oneit001,"Tyler O'Neill",1,6,7
play,7,0,rengl001,11,.CBX,S7/L7+
play,7,0,troum001,01,FX,64(1)/FO/G6.B-1
play,7,0,ohtas001,10,*BX,46(1)/FO/G34.B-1
play,7,0,renda001,32,CBBFB>F>B,W.1-2
play,7,0,renfh001,00,,NP
sub,helsr001,"Ryan Helsley",1,0,1
play,7,0,renfh001,02,.S*SN,BK.2-3;1-2
play,7,0,renfh001,12,.S*SN.FBS,K
play,7,1,donob001,01,FX,43/G4D
play,7,1,edmat001,31,BSBBX,43/G4
play,7,1,nootl001,22,BCFBX,3/G3
play,8,0,drurb001,02,FS.C,K
play,8,0,wardt002,00,X,7/F78
play,8,0,urshg001,00,X,9/F9LD
play,8,1,goldp001,00,,NP
sub,teper001,"Ryan Tepera",0,0,1
play,8,1,goldp001,12,.SBCS,K
play,8,1,gormn001,12,CFBS,K
play,8,1,arenn001,11,SBX,S8/G6MS
play,8,1,contw001,00,X,S7/L78D+.1-3
play,8,1,oneit001,32,BBBFC>X,6/P56
play,9,0,wallc001,00,,NP
sub,gallg001,"Giovanny Gallegos",1,0,1
play,9,0,wallc001,00,.,NP
sub,lambj001,"Jake Lamb",0,9,11
play,9,0,lambj001,22,..SS.BBX,HR/F89XD+
play,9,0,rengl001,01,CX,7/F7D
play,9,0,troum001,11,BSX,HR/F7LD
play,9,0,ohtas001,00,X,D8/L78XD+
play,9,0,renda001,21,BBCX,S8/G6M.2-H
play,9,0,renfh001,10,BX,54(1)3/GDP/G6
play,9,1,carld002,00,,NP
sub,thaim001,"Matt Thaiss",0,9,2
play,9,1,carld002,00,.,NP
sub,estec001,"Carlos Estevez",0,0,1
play,9,1,carld002,12,..SFBT,K
play,9,1,donob001,02,FF.S,K
play,9,1,edmat001,22,CBSBX,7/F7S
data,er,silsc001,0
data,er,ohtas001,4
data,er,estec001,0
data,er,teper001,0
data,er,mikom001,3
data,er,gallg001,3
data,er,helsr001,0
data,er,hickj002,0
id,SLN202305200
version,2
info,visteam,LAN
info,hometeam,SLN
info,site,STL10
info,date,2023/05/20
info,number,0
info,gametype,regular
info,starttime,6:15PM
info,daynight,night
info,innings,9
info,tiebreaker,2
info,usedh,true
info,umphome,emmep901
info,ump1b,lentn901
info,ump2b,rehaj901
info,ump3b,fairc901
info,umplf,(none)
info,umprf,(none)
info,inputtime,2023/06/02 09:03:19
info,howscored,unknown
info,pitches,pitches
info,oscorer,webbj701
info,temp,72
info,winddir,fromlf
info,windspeed,9
info,fieldcond,unknown
info,precip,none
info,sky,sunny
info,timeofgame,150
info,attendance,45177
info,wp,helsr001
info,lp,gonzv001
info,save,gallg001
start,bettm001,"Mookie Betts",0,1,9
start,freef001,"Freddie Freeman",0,2,3
start,martj006,"J.D. Martinez",0,3,10
start,muncm001,"Max Muncy",0,4,5
start,vargm001,"Miguel Vargas",0,5,4
start,perad001,"David Peralta",0,6,7
start,heywj001,"Jason Heyward",0,7,8
start,taylc001,"Chris Taylor",0,8,6
start,barna001,"Austin Barnes",0,9,2
start,syndn001,"Noah Syndergaard",0,0,1
start,nootl001,"Lars Nootbaar",1,1,8
start,goldp001,"Paul Goldschmidt",1,2,3
start,gormn001,"Nolan Gorman",1,3,10
start,arenn001,"Nolan Arenado",1,4,5
start,contw001,"Willson Contreras",1,5,2
start,donob001,"Brendan Donovan",1,6,9
start,dejop001,"Paul DeJong",1,7,6
start,burla001,"Alec Burleson",1,8,7
start,edmat001,"Tommy Edman",1,9,4
start,mikom001,"Miles Mikolas",1,0,1
play,1,0,bettm001,22,CCBBX,7/F7LD
play,1,0,freef001,22,BFFBX,9/F9D
play,1,0,martj006,12,CBSX,6/L6
play,1,1,nootl001,31,BCBBX,8/L78D+
play,1,1,goldp001,01,SX,S9/G34
play,1,1,gormn001,30,BBBB,W.1-2
play,1,1,arenn001,02,FCFS,K
play,1,1,contw001,12,BFFFFX,S9/L89.2-H;1-3
play,1,1,donob001,01,C>C,SB2
play,1,1,donob001,12,C>C.*BT,K
play,2,0,muncm001,01,CX,31/G3
play,2,0,vargm001,01,CX,9/F9
play,2,0,perad001,22,BCCBFS,K
play,2,1,dejop001,32,CBSFBBH,HP
play,2,1,burla001,10,B>C,SB2
play,2,1,burla001,32,B>C.BBFX,D7/L78XD+.2-H
play,2,1,edmat001,12,FBF>X,43/G34.2-3
com,"$Dodgers challenged (play at 1st), call on the field was overturned."
play,2,1,nootl001,30,B*BBX,8/SF/F78XD+.3-H
play,2,1,goldp001,02,CCX,8/F89D
play,3,0,heywj001,21,CBBX,2/P2F/FL
play,3,0,taylc001,32,.FSFBBBS,K
play,3,0,barna001,02,CCFX,53/G56
play,3,1,gormn001,12,SSBX,63/G4M
play,3,1,arenn001,10,BX,S7/L7+
play,3,1,contw001,01,FN,CS2(14)
play,3,1,contw001,12,FN.CBFFX,43/G6MS
play,4,0,bettm001,10,BX,7/F7LD
play,4,0,freef001,12,FFBX,D8/G4
play,4,0,martj006,12,CFBX,63/G56
play,4,0,muncm001,22,BBCSFX,53/G5-
play,4,1,donob001,12,FF.FBFX,6/L6MD+
play,4,1,dejop001,12,FBCC,K
play,4,1,burla001,00,X,9/L89D+
play,5,0,vargm001,10,BX,8/F8XD
play,5,0,perad001,10,BX,D9/L89XD+
play,5,0,heywj001,00,X,S16/G6M.2-3
play,5,0,taylc001,00,X,4/F3D
play,5,0,barna001,00,X,64(1)/FO/G6.B-1
play,5,1,edmat001,00,X,7/L78D+
play,5,1,nootl001,11,CBX,31/G34
play,5,1,goldp001,12,FBFC,K
play,6,0,bettm001,10,BX,S7/L7
play,6,0,freef001,00,X,S8/G4M+.1-3
play,6,0,martj006,32,BFFB*BX,HR/F78XD+.3-H;1-H
play,6,0,muncm001,22,FBCFFFFBX,4/P13
play,6,0,vargm001,12,CCBX,13/G34S
play,6,0,perad001,22,FBSBX,8/L78D
play,6,1,gormn001,00,,NP
sub,almoy001,"Yency Almonte",0,0,1
play,6,1,gormn001,01,.FX,S8/L8
play,6,1,arenn001,22,CCBB1X,64(1)3/GDP/G6S
play,6,1,contw001,01,FX,63/G6
play,7,0,heywj001,01,CX,43/G4
play,7,0,taylc001,22,CFBBFX,9/F9
play,7,0,barna001,11,CBX,43/G4MD
play,7,1,donob001,00,,NP
sub,bruij001,"Justin Bruihl",0,0,1
play,7,1,donob001,00,.X,8/F8XD
play,7,1,dejop001,12,BSFFS,K
play,7,1,burla001,00,,NP
sub,yepej001,"Juan Yepez",1,8,11
play,7,1,yepej001,00,.X,63/G6+
play,8,0,bettm001,00,,NP
sub,donob001,"Brendan Donovan",1,6,7
play,8,0,bettm001,00,.,NP
sub,merco003,"Oscar Mercado",1,8,9
play,8,0,bettm001,00,..,NP
sub,helsr001,"Ryan Helsley",1,0,1
play,8,0,bettm001,00,...X,43/G4S
play,8,0,freef001,22,BBCSFH,HP
play,8,0,martj006,12,F*BSS,K
play,8,0,muncm001,22,BCBSC,K
play,8,1,edmat001,00,,NP
sub,gonzv001,"Victor Gonzalez",0,0,1
play,8,1,edmat001,11,.BSX,D7/L7LD+
play,8,1,nootl001,02,CFS,K
play,8,1,goldp001,30,VVVV,IW
play,8,1,gormn001,11,BCX,HR/F9D.2-H;1-H
play,8,1,arenn001,00,,NP
sub,cyr-t001,"Tyler Cyr",0,0,1
play,8,1,arenn001,21,.BBFX,S7/G56+
play,8,1,contw001,02,SFFX,3/G3S.1-1
play,8,1,donob001,32,BBFFB>C,K
play,9,0,vargm001,10,BX,D7/G56
play,9,0,perad001,31,*BBFBX,S9/G4+.2-3
play,9,0,heywj001,11,BCX,D9/L89D.3-H;1-3
play,9,0,taylc001,00,,NP
sub,outmj002,"James Outman",0,8,11
play,9,0,outmj002,00,.,NP
sub,gallg001,"Giovanny Gallegos",1,0,1
play,9,0,outmj002,32,..SBBS*BX,4/L4D-
play,9,0,barna001,00,,NP
sub,smitw003,"Will Smith",0,9,11
play,9,0,smitw003,32,.CB*BBCX,8/SF/F8.3-H
play,9,0,bettm001,32,FF*BBBC,K
data,er,gonzv001,3
data,er,syndn001,3
data,er,cyr-t001,0
data,er,bruij001,0
data,er,almoy001,0
data,er,mikom001,3
data,er,gallg001,0
data,er,helsr001,2
id,SLN202305300
version,2
info,visteam,KCA
info,hometeam,SLN
info,site,STL10
info,date,2023/05/30
info,number,0
info,gametype,regular
info,starttime,6:45PM
info,daynight,night
info,innings,9
info,tiebreaker,2
info,usedh,true
info,umphome,drecb901
info,ump1b,sches901
info,ump2b,moorm901
info,ump3b,wegnm901
info,umplf,(none)
info,umprf,(none)
info,inputtime,2023/06/11 09:08:33
info,howscored,unknown
info,pitches,pitches
info,oscorer,smitm701
info,temp,88
info,winddir,tolf
info,windspeed,7
info,fieldcond,unknown
info,precip,none
info,sky,cloudy
info,timeofgame,139
info,attendance,38406
info,wp,mikom001
info,lp,hernc006
info,save,gallg001
start,pratn001,"Nick Pratto",0,1,7
start,pasqv001,"Vinnie Pasquantino",0,2,3
start,peres002,"Salvador Perez",0,3,2
start,wittb002,"Bobby Witt Jr.",0,4,6
start,melem001,"MJ Melendez",0,5,9
start,massm001,"Michael Massey",0,6,10
start,garcm003,"Maikel Garcia",0,7,5
start,lopen001,"Nicky Lopez",0,8,4
start,wated001,"Drew Waters",0,9,8
start,greiz001,"Zack Greinke",0,0,1
start,donob001,"Brendan Donovan",1,1,9
start,goldp001,"Paul Goldschmidt",1,2,3
start,gormn001,"Nolan Gorman",1,3,4
start,arenn001,"Nolan Arenado",1,4,5
start,contw001,"Willson Contreras",1,5,2
start,burla001,"Alec Burleson",1,6,7
start,dejop001,"Paul DeJong",1,7,6
start,yepej001,"Juan Yepez",1,8,10
start,edmat001,"Tommy Edman",1,9,8
start,mikom001,"Miles Mikolas",1,0,1
play,1,0,pratn001,02,CS.H,HP
play,1,0,pasqv001,21,CBB+1X,S9/G34.1-2
play,1,0,peres002,01,CX,9/F9D.2-3
play,1,0,wittb002,12,CCBS,K
play,1,0,melem001,22,CBBCX,7/F78
play,1,1,donob001,11,BCX,S7/L7S
play,1,1,goldp001,11,TBX,7/F7LD
play,1,1,gormn001,22,CSBFBFX,23/G2-.1-2
play,1,1,arenn001,32,*BBFBFB,W
play,1,1,contw001,32,BFBS.B>S,K
play,2,0,massm001,00,X,8/F8XD
play,2,0,garcm003,22,CBSBT,K
play,2,0,lopen001,00,X,3/G3
play,2,1,burla001,12,CBFX,53/G6
play,2,1,dejop001,12,BSCFFX,9/F9LS
play,2,1,yepej001,32,CBS.FFBBC,K
play,3,0,wated001,02,CCFC,K
play,3,0,pratn001,22,CBBFFC,K
play,3,0,pasqv001,00,X,43/G4
play,3,1,edmat001,01,CX,8/F8XD
play,3,1,donob001,00,X,43/G34
play,3,1,goldp001,12,CBFFX,43/G4D+
play,4,0,peres002,21,CBBX,S8/G6M+
play,4,0,wittb002,00,X,9/L9
play,4,0,melem001,00,X,36(1)/FO/G3.B-1
play,4,0,massm001,00,B,WP.1-2
play,4,0,massm001,10,B.X,S9/L9D+.2XH(92)
play,4,1,gormn001,12,BSCS,K
play,4,1,arenn001,11,BFX,8/F78XD+
play,4,1,contw001,22,BBCFFS,K
play,5,0,garcm003,11,BTX,63/G6D
play,5,0,lopen001,31,BBCBX,7/L7
play,5,0,wated001,12,CFBS,K
play,5,1,burla001,01,CX,D7/L7D+
play,5,1,dejop001,11,FBB,WP.2-3
play,5,1,dejop001,32,FBB.BFC,K
play,5,1,yepej001,22,FBFB*S,K.BX1(23)
play,5,1,edmat001,00,X,9/F89D
play,6,0,pratn001,31,TBBBB,W
play,6,0,pasqv001,11,CBX,7/F78
play,6,0,peres002,12,BSSS,K
play,6,0,wittb002,32,BCBBF>S,K
play,6,1,donob001,00,,NP
sub,hernc006,"Carlos Hernandez",0,0,1
play,6,1,donob001,12,.CBFS,K
play,6,1,goldp001,32,BCSBFFBFX,S31/G3-
play,6,1,gormn001,01,MX,7/F7L
play,6,1,arenn001,01,CX,D7/L78XD.1-H
play,6,1,contw001,02,FFFS,K
play,7,0,melem001,32,BFCBBC,K
play,7,0,massm001,11,BFX,43/G4
play,7,0,garcm003,12,CCBS,K
play,7,1,burla001,00,,NP
sub,cuasj001,"Jose Cuas",0,0,1
play,7,1,burla001,10,.BX,43/G4
play,7,1,dejop001,00,X,53/G5
play,7,1,yepej001,21,.CBBX,63/G6
play,8,0,lopen001,00,,NP
sub,donob001,"Brendan Donovan",1,1,7
play,8,0,lopen001,00,.,NP
sub,merco003,"Oscar Mercado",1,6,8
play,8,0,lopen001,00,..,NP
sub,edmat001,"Tommy Edman",1,9,9
play,8,0,lopen001,12,...CBFS,K
play,8,0,wated001,02,FCFX,5/L6
play,8,0,pratn001,32,CT.BBBFX,8/F8XD+
play,8,1,edmat001,00,,NP
sub,chapa001,"Aroldis Chapman",0,0,1
play,8,1,edmat001,32,.BBBCFB,W
play,8,1,donob001,11,BC1,SB2
play,8,1,donob001,32,BC1.FBBX,S8/L8.2-3
play,8,1,goldp001,22,BBFSFFS,K
play,8,1,gormn001,11,*BCX,9/SF/F9.3-H;1-2
play,8,1,arenn001,00,,NP
sub,wittn001,"Nick Wittgren",0,0,1
play,8,1,arenn001,12,.SC*BX,53/G5
play,9,0,pasqv001,00,,NP
sub,gallg001,"Giovanny Gallegos",1,0,1
play,9,0,pasqv001,12,.SFBX,D8/F8XD+
play,9,0,peres002,21,BBTX,S7/G6+.2-3
play,9,0,wittb002,00,,NP
sub,olive001,"Edward Olivares",0,3,12
play,9,0,wittb002,00,.X,64(1)/FO/G6+.3-H;B-1
play,9,0,melem001,01,T1X,7/F7
play,9,0,massm001,00,>C,SB2
play,9,0,massm001,22,>C.BBSFS,K
data,er,cuasj001,0
data,er,wittn001,0
data,er,greiz001,0
data,er,hernc006,1
data,er,chapa001,1
data,er,mikom001,0
data,er,gallg001,1
id,SLN202306100
version,2
info,visteam,CIN
info,hometeam,SLN
info,site,STL10
info,date,2023/06/10
info,number,0
info,gametype,regular
info,starttime,1:15PM
info,daynight,day
info,innings,9
info,tiebreaker,2
info,usedh,true
info,umphome,valej901
info,ump1b,johna901
info,ump2b,gonzm901
info,ump3b,wolcq901
info,umplf,(none)
info,umprf,(none)
info,inputtime,2023/06/12 09:06:03
info,howscored,unknown
info,pitches,pitches
info,oscorer,webbj701
info,temp,85
info,winddir,fromrf
info,windspeed,8
info,fieldcond,unknown
info,precip,none
info,sky,sunny
info,timeofgame,167
info,attendance,45246
info,wp,abboa001
info,lp,mikom001
info,save,
start,friet001,"TJ Friedl",0,1,8
start,mclam001,"Matt McLain",0,2,6
start,indij001,"Jonathan India",0,3,4
start,delae003,"Elly De La Cruz",0,4,5
start,stees001,"Spencer Steer",0,5,3
start,stept001,"Tyler Stephenson",0,6,10
start,bensw001,"Will Benson",0,7,9
start,fairs001,"Stuart Fairchild",0,8,7
start,maill001,"Luke Maile",0,9,2
start,abboa001,"Andrew Abbott",0,0,1
start,edmat001,"Tommy Edman",1,1,8
start,goldp001,"Paul Goldschmidt",1,2,3
start,arenn001,"Nolan Arenado",1,3,5
start,bakel001,"Luken Baker",1,4,10
start,carld002,"Dylan Carlson",1,5,9
start,dejop001,"Paul DeJong",1,6,6
start,walkj003,"Jordan Walker",1,7,7
start,donob001,"Brendan Donovan",1,8,4
start,kniza001,"Andrew Knizner",1,9,2
start,mikom001,"Miles Mikolas",1,0,1
play,1,0,friet001,01,CX,5/P56
play,1,0,mclam001,11,CBX,8/F78XD
play,1,0,indij001,11,CBX,53/G56S
play,1,1,edmat001,12,CFB*S,K
play,1,1,goldp001,22,FCBBX,S7/L7
play,1,1,arenn001,32,*BBBCC.1FFF*B,W.1-2
play,1,1,bakel001,10,BX,9/F9
play,1,1,carld002,32,CB*BBC.>B,W.2-3;1-2
play,1,1,dejop001,32,CSFBBB>X,9/F9D
play,2,0,delae003,02,CCS,K
play,2,0,stees001,12,CF.BX,53/G56S
play,2,0,stept001,22,CBBS.X,S8/L8
play,2,0,bensw001,01,CX,S8/L78D+.1-2
play,2,0,fairs001,32,*BSSBB>X,S5/G56S.2-3;1-2
play,2,0,maill001,12,FSBX,D7/L7LD.3-H;2-H;1-H
play,2,0,friet001,02,SCX,3/G3
play,2,1,walkj003,20,BBX,8/L89XD+
play,2,1,donob001,10,BX,63/G6+
play,2,1,kniza001,02,.CCFC,K
play,3,0,mclam001,22,BCC.BFX,T8/L78XD
play,3,0,indij001,11,CBH,HP
play,3,0,delae003,00,X,S8/G4M+.3-H;1-3
play,3,0,stees001,00,X,8/SF/L8.3-H
play,3,0,stept001,12,BCSX,14(1)/FO/G1.B-1
play,3,0,bensw001,12,CBFX,8/F78
play,3,1,edmat001,12,.BCFC,K
play,3,1,goldp001,12,BSSS,K
play,3,1,arenn001,12,CBFX,S7/L7+
play,3,1,bakel001,22,CF*BBX,64(1)/FO/G6.B-1
play,4,0,fairs001,01,CX,8/F78XD+
play,4,0,maill001,32,BBSBCX,D7/L7LD
play,4,0,friet001,22,C*B*BCS,K
play,4,0,mclam001,11,BCX,E4/TH/G6M.2-3;B-1
play,4,0,indij001,32,BBCS*B>X,9/F9
play,4,1,carld002,22,CBC.BX,S8/G1S+
play,4,1,dejop001,10,BX,7/F78XD
play,4,1,walkj003,12,CF.FBX,64(1)3/GDP/G6+
play,5,0,delae003,31,BBBCB,W
play,5,0,stees001,10,*B>B,SB2
play,5,0,stees001,30,*B>B.BB,W
play,5,0,stept001,11,CBX,46(1)3/GDP/G4.2-3
play,5,0,bensw001,01,CX,8/L78
play,5,1,donob001,01,FX,5/P6
play,5,1,kniza001,00,X,5/L56
play,5,1,edmat001,31,BFBBX,S7/L7LD+
play,5,1,goldp001,31,BBCBB,W.1-2
play,5,1,arenn001,22,FF*BF*BX,8/F8D
play,6,0,fairs001,20,BBX,8/F8XD+
play,6,0,maill001,01,CX,63/G6
play,6,0,friet001,11,BFX,5/P5
play,6,1,bakel001,12,FCBX,8/L8XD
play,6,1,carld002,22,FBBS.X,S8/L89D+
play,6,1,dejop001,12,CSFF*BX,9/F9LS
play,6,1,walkj003,00,,NP
sub,farmb001,"Buck Farmer",0,0,1
play,6,1,walkj003,11,.CBX,7/L7D+
play,7,0,mclam001,00,,NP
sub,verhd001,"Drew VerHagen",1,0,1
play,7,0,mclam001,12,.CFBC,K
play,7,0,indij001,10,BX,D7/L7LD+
play,7,0,delae003,12,FBFFX,FC1/G4MS.B-1
play,7,0,stees001,10,BX,D8/L89XD+.2-H;1-H
play,7,0,stept001,30,BBBB,W
play,7,0,bensw001,20,BBX,3/G3.2-3;1-2
play,7,0,fairs001,10,BX,9/F9
play,7,1,donob001,00,,NP
sub,hergk001,"Kevin Herget",0,0,1
play,7,1,donob001,02,.CFFH,HP
play,7,1,kniza001,10,BX,7/F78XD
play,7,1,edmat001,31,BBBCX,46(1)/FO/G4.B-1
play,7,1,goldp001,12,FBSX,D8/L89XD+.1-H
play,7,1,arenn001,01,CX,43/G6M
play,8,0,maill001,22,BFCBX,9/L9
play,8,0,friet001,22,CS.BBX,43/G4
play,8,0,mclam001,32,BCBBC.X,9/F89S
play,8,1,bakel001,00,,NP
sub,hopkt001,"TJ Hopkins",0,1,7
play,8,1,bakel001,00,.,NP
sub,fairs001,"Stuart Fairchild",0,8,8
play,8,1,bakel001,10,..BX,S8/L78D+
play,8,1,carld002,00,X,HR/F9LD.1-H
play,8,1,dejop001,20,BBX,3/P4
play,8,1,walkj003,21,BBFX,D7/L7D+
play,8,1,donob001,00,,NP
sub,simsl001,"Lucas Sims",0,0,1
play,8,1,donob001,30,.BBBB,W
play,8,1,kniza001,00,,NP
sub,gormn001,"Nolan Gorman",1,9,11
play,8,1,gormn001,11,.2SBX,5/P56S
play,8,1,edmat001,02,CF.X,9/F9D
play,9,0,indij001,00,,NP
sub,contw001,"Willson Contreras",1,9,2
play,9,0,indij001,00,.,NP
sub,cabrg001,"Genesis Cabrera",1,0,1
play,9,0,indij001,31,..CBBBB,W
play,9,0,delae003,01,CX,6/P6
play,9,0,stees001,01,CX,43/G4.1-2
play,9,0,stept001,22,CBCBX,S9/G34+.2-H
play,9,0,bensw001,12,CS*BS,K
play,9,1,goldp001,00,,NP
sub,diaza004,"Alexis Diaz",0,0,1
play,9,1,goldp001,22,.CSBBS,K
play,9,1,arenn001,22,CBBTX,HR/F7LD
play,9,1,bakel001,12,BFSS,K
play,9,1,carld002,30,BBBB,W
play,9,1,dejop001,00,>B,DI.1-2
play,9,1,dejop001,10,>B.X,63/G56
data,er,hergk001,3
data,er,simsl001,0
data,er,farmb001,0
data,er,diaza004,1
data,er,abboa001,0
data,er,mikom001,5
data,er,verhd001,2
data,er,cabrg001,1
id,SLN202306280
version,2
info,visteam,HOU
info,hometeam,SLN
info,site,STL10
info,date,2023/06/28
info,number,0
info,gametype,regular
info,starttime,6:45PM
info,daynight,night
info,innings,9
info,tiebreaker,2
info,usedh,true
info,umphome,wolfj901
info,ump1b,jimee901
info,ump2b,barbs901
info,ump3b,porta901
info,umplf,(none)
info,umprf,(none)
info,inputtime,2023/07/01 09:05:04
info,howscored,unknown
info,pitches,pitches
info,oscorer,smitm701
info,temp,91
info,winddir,fromrf
info,windspeed,11
info,fieldcond,unknown
info,precip,none
info,sky,cloudy
info,timeofgame,190
info,attendance,41452
info,wp,marts003
info,lp,gallg001
info,save,presr001
start,altuj001,"Jose Altuve",0,1,4
start,brega001,"Alex Bregman",0,2,5
start,tuckk001,"Kyle Tucker",0,3,9
start,abrej003,"Jose Abreu",0,4,3
start,diazy004,"Yainer Diaz",0,5,10
start,penaj004,"Jeremy Pena",0,6,6
start,madrb002,"Bligh Madris",0,7,7
start,meyej002,"Jake Meyers",0,8,8
start,maldm001,"Martin Maldonado",0,9,2
start,javic001,"Cristian Javier",0,0,1
start,donob001,"Brendan Donovan",1,1,7
start,goldp001,"Paul Goldschmidt",1,2,3
start,nootl001,"Lars Nootbaar",1,3,8
start,arenn001,"Nolan Arenado",1,4,5
start,contw001,"Willson Contreras",1,5,2
start,gormn001,"Nolan Gorman",1,6,4
start,burla001,"Alec Burleson",1,7,10
start,carld002,"Dylan Carlson",1,8,9
start,edmat001,"Tommy Edman",1,9,6
start,mikom001,"Miles Mikolas",1,0,1
play,1,0,altuj001,00,X,D8/L78D+
play,1,0,brega001,30,BBBB,W
play,1,0,tuckk001,12,CBFX,D9/G3.2-H;1-3
play,1,0,abrej003,02,CS.FFX,9/SF/L9L.3-H;2-3
play,1,0,diazy004,02,CFS,K
play,1,0,penaj004,11,BCX,S9/L9.3-H
play,1,0,madrb002,00,X,43/G34
play,1,1,donob001,00,X,S9/G34
play,1,1,goldp001,12,BSFX,8/F89D
play,1,1,nootl001,11,BCX,S6/G4.1-2
play,1,1,arenn001,21,BBSB,PB.2-3;1-2
play,1,1,arenn001,32,BBSB.SX,HR/L7D.3-H;2-H
play,1,1,contw001,12,SFB*S,K
play,1,1,gormn001,01,FX,S9/L89+
play,1,1,burla001,20,B*BX,D9/L9LD.1-H
play,1,1,carld002,31,BBCBX,2/P2F/FL
play,2,0,meyej002,21,BBFX,3/P3D
play,2,0,maldm001,01,CX,7/F7LD
play,2,0,altuj001,31,BSBB*B,W
play,2,0,brega001,22,CF1BBC,K
play,2,1,edmat001,00,X,3/G3
play,2,1,donob001,11,CBX,8/F8XD
play,2,1,goldp001,22,CBBSX,HR/F78XD
play,2,1,nootl001,22,CFBBFX,63/G6
play,3,0,tuckk001,00,X,S9/L9+
play,3,0,abrej003,00,X,S8/G6M.1-2
play,3,0,diazy004,22,BC.F*BFX,5(2)/FO/G56S.1-2;B-1
play,3,0,penaj004,00,X,9/F89XD.2-3
play,3,0,madrb002,22,BFF*BFT,K
play,3,1,arenn001,10,BX,9/L9D
play,3,1,contw001,22,BSFBX,7/L7D
play,3,1,gormn001,00,X,7/F78XD
play,4,0,meyej002,20,BBX,53/G56S
play,4,0,maldm001,00,X,63/G6
play,4,0,altuj001,00,.X,1/L4MS
play,4,1,burla001,22,BSBFH,HP
play,4,1,carld002,21,BBCX,S7/F7.1-2
play,4,1,edmat001,11,LB+2X,13/SH/BG1S.2-3;1-2
play,4,1,donob001,30,BBBB,W
play,4,1,goldp001,12,CBTX,S7/L7D+.3-H;2-3;1-2
play,4,1,nootl001,22,BBCFX,5/P5F/FL
play,4,1,arenn001,21,BFBX,3/P23-
play,5,0,brega001,32,CBBCBX,8/F8XD
play,5,0,tuckk001,00,X,8/F8
play,5,0,abrej003,12,BCCF.S,K
play,5,1,contw001,00,,NP
sub,dubis001,"Shawn Dubin",0,0,1
play,5,1,contw001,22,..BBCST,K
play,5,1,gormn001,12,FBTX,3/G34
play,5,1,burla001,32,SBBF.FFFBFFS,K
play,6,0,diazy004,00,,NP
sub,dejop001,"Paul DeJong",1,4,6
play,6,0,diazy004,00,.,NP
sub,gormn001,"Nolan Gorman",1,6,5
play,6,0,diazy004,00,..,NP
sub,edmat001,"Tommy Edman",1,9,4
play,6,0,diazy004,00,...X,63/G6
play,6,0,penaj004,21,BFBX,9/F89D
play,6,0,madrb002,01,TX,D8/L8XD+
play,6,0,meyej002,32,BBBCFB,W
play,6,0,maldm001,12,CF.BX,D8/F8XD+.2-H;1-H
play,6,0,altuj001,00,,NP
sub,palla001,"Andre Pallante",1,0,1
play,6,0,altuj001,31,.BBBC*B,W
play,6,0,brega001,22,BBFC.B,WP.2-3;1-2
play,6,0,brega001,32,BBFC.B.B,W
play,6,0,tuckk001,32,BBBCS>S,K
play,6,1,carld002,22,BCFB.S,K
play,6,1,edmat001,11,BFX,31/G3
play,6,1,donob001,31,BBBCX,HR/F89XD
play,6,1,goldp001,11,CBX,S8/G6M
play,6,1,nootl001,02,C1S*S,K
play,7,0,abrej003,00,,NP
sub,strac001,"Chris Stratton",1,0,1
play,7,0,abrej003,12,.CS.BX,53/G5
play,7,0,diazy004,10,BX,9/F9D+
play,7,0,penaj004,02,FS.S,K
play,7,1,dejop001,00,,NP
sub,marts003,"Seth Martinez",0,0,1
play,7,1,dejop001,10,.BX,S49/G4
play,7,1,contw001,32,FSBBBFH,HP.1-2
play,7,1,gormn001,22,CFBBFS,K
play,7,1,burla001,01,CX,3/P3DF/FL.2-3
play,7,1,carld002,10,BS,CSH(16342)
com,"$Cardinals challenged (tag play), call on the field was upheld."
play,8,0,madrb002,00,,NP
sub,gallg001,"Giovanny Gallegos",1,0,1
play,8,0,madrb002,10,.BX,S9/L9
play,8,0,meyej002,32,FCB*BBB,W.1-2
play,8,0,maldm001,00,X,13/SH/BG23.2-3;1-2
play,8,0,altuj001,12,*BFCFX,HR/F7D.3-H;2-H
play,8,0,brega001,02,CCX,4/P4D
play,8,0,tuckk001,22,BSBFX,DGR/L89XD+
play,8,0,abrej003,11,CBX,HR/F89XD.2-H
play,8,0,diazy004,00,,NP
sub,verhd001,"Drew VerHagen",1,0,1
play,8,0,diazy004,02,.SS*S,K
play,8,1,carld002,00,,NP
sub,mccoc001,"Chas McCormick",0,7,7
play,8,1,carld002,00,.,NP
sub,abreb002,"Bryan Abreu",0,0,1
play,8,1,carld002,12,..BCC.FFS,K
badj,edmat001,R
play,8,1,edmat001,02,CC.S,K
play,8,1,donob001,12,CBC.X,43/G34
play,9,0,penaj004,22,BSFBX,7/L78D+
play,9,0,mccoc001,00,H,HP
play,9,0,meyej002,32,CFFBB1*B>F>B,W.1-2
play,9,0,maldm001,32,SBB*BF.C,K
play,9,0,altuj001,32,C*BC*BB>B,W.2-3;1-2
play,9,0,brega001,11,BCX,23/G2
play,9,1,goldp001,00,,NP
sub,presr001,"Ryan Pressly",0,0,1
play,9,1,goldp001,12,.FBFX,53/G56
play,9,1,nootl001,12,BSCFS,K
play,9,1,dejop001,32,SBBS.BS,K
data,er,abreb002,0
data,er,marts003,0
data,er,dubis001,1
data,er,javic001,6
data,er,presr001,0
data,er,mikom001,5
data,er,gallg001,5
data,er,palla001,0
data,er,verhd001,0
data,er,strac001,0
id,SLN202307140
version,2
info,visteam,WAS
info,hometeam,SLN
info,site,STL10
info,date,2023/07/14
info,number,0
info,gametype,regular
info,starttime,1:15PM
info,daynight,day
info,innings,9
info,tiebreaker,2
info,usedh,true
info,umphome,millb901
info,ump1b,walsb901
info,ump2b,ortir901
info,ump3b,drakr901
info,umplf,(none)
info,umprf,(none)
info,inputtime,2023/07/23 20:30:20
info,howscored,unknown
info,pitches,pitches
info,oscorer,smitm701
info,temp,91
info,winddir,fromrf
info,windspeed,8
info,fieldcond,unknown
info,precip,none
info,sky,cloudy
info,timeofgame,163
info,attendance,42042
info,wp,finnk001
info,lp,hickj002
info,save,harvh001
start,abrac001,"CJ Abrams",0,1,6
start,thoml002,"Lane Thomas",0,2,9
start,candj002,"Jeimer Candelario",0,3,5
start,menej001,"Joey Meneses",0,4,10
start,ruizk001,"Keibert Ruiz",0,5,2
start,smitd008,"Dominic Smith",0,6,3
start,dickc002,"Corey Dickerson",0,7,7
start,garcl006,"Luis Garcia",0,8,4
start,calla002,"Alex Call",0,9,8
start,willt002,"Trevor Williams",0,0,1
start,donob001,"Brendan Donovan",1,1,10
start,goldp001,"Paul Goldschmidt",1,2,3
start,nootl001,"Lars Nootbaar",1,3,7
start,arenn001,"Nolan Arenado",1,4,5
start,contw001,"Willson Contreras",1,5,2
start,walkj003,"Jordan Walker",1,6,9
start,gormn001,"Nolan Gorman",1,7,4
start,dejop001,"Paul DeJong",1,8,6
start,carld002,"Dylan Carlson",1,9,8
start,mikom001,"Miles Mikolas",1,0,1
com,"Suspend=20230715,STL10,0,1,17"
play,1,0,abrac001,01,FX,3/G3
play,1,0,thoml002,32,BBFFBX,53/G56
play,1,0,candj002,32,BBCBCF.FFS,K
play,1,1,donob001,00,,NP
sub,vargi001,"Ildemaro Vargas",0,3,5
play,1,1,donob001,22,.BFCBFX,31/G3
play,1,1,goldp001,22,BFSBS,K
play,1,1,nootl001,12,CCFBX,HR/F7D
play,1,1,arenn001,12,CFBS,K
play,2,0,menej001,22,BSFBX,8/F8
play,2,0,ruizk001,01,CX,6/P6D
play,2,0,smitd008,10,BX,7/F7D
play,2,1,contw001,32,CCBBBT,K
play,2,1,walkj003,12,CBSS,K
play,2,1,gormn001,02,SSS,K
play,3,0,dickc002,11,CBX,7/F7L
play,3,0,garcl006,10,BX,43/G34
play,3,0,calla002,02,CFS,K
play,3,1,dejop001,21,CBBX,4/P4D
play,3,1,carld002,02,CC.X,31/G34
play,3,1,donob001,22,CFFBBH,HP
com,"umpchange,2,ump2b,ortir901"
com,"umpchange,2,ump1b,(none)"
com,"suspended,20230715,STL10,rain"
com,"$Game suspended in bottom of 3rd; completed on 07-15-2023"
play,3,1,goldp001,32,CB*BCB.>F.,NP
sub,abboc001,"Cory Abbott",0,0,1
play,3,1,goldp001,32,CB*BCB.>F..>B,W.1-2
play,3,1,nootl001,12,BTSX,43/G4
play,4,0,abrac001,00,,NP
sub,palla001,"Andre Pallante",1,0,1
play,4,0,abrac001,10,.BX,S6/G6
play,4,0,thoml002,01,SX,9/L9
play,4,0,vargi001,11,CB1>S,SB2
com,"$Nationals challenged (tag play), call on the field was overturned."
play,4,0,vargi001,12,CB1>S.X,63/G6.2-3
play,4,0,menej001,12,CCF*BX,S9/G34.3-H
play,4,0,ruizk001,32,B*BBCF>F>F>F>F>X,3/G3
play,4,1,arenn001,12,CBCX,7/L7
play,4,1,contw001,00,X,8/L8XD+
play,4,1,walkj003,01,FX,43/G4MD+
play,5,0,smitd008,31,BFBBB,W
play,5,0,dickc002,02,F*S+1,PO1(E2/TH).1-2
play,5,0,dickc002,22,F*S+1.*BBX,5/P5F/FL
play,5,0,garcl006,22,S*BSBB,WP.2-3
play,5,0,garcl006,32,S*BSBB.B,W
play,5,0,calla002,00,,NP
sub,strac001,"Chris Stratton",1,0,1
play,5,0,calla002,00,.X,FC1/G2-.3-H;1-2;B-1
com,"$Cardinals challenged (tag play), call on the field was upheld."
play,5,0,abrac001,01,CX,64(1)/FO/G6.2-3;B-1
play,5,0,thoml002,11,C1*B>B,SBH;SB2.1-3(E2/TH)
play,5,0,thoml002,21,C1*B>B.X,E5/TH/G56.3-H(NR)(UR);B-1
play,5,0,vargi001,00,X,6(1)/FO/G6M.B-1
play,5,1,gormn001,12,FBCX,43/G4
play,5,1,dejop001,10,BX,D8/L78XD+
play,5,1,carld002,00,H,HP
play,5,1,donob001,32,BBCFFBFFX,HR/F9LD.2-H;1-H
play,5,1,goldp001,12,BCSS,K
play,5,1,nootl001,32,BCBBCC,K
play,6,0,menej001,21,BCBX,53/G5
play,6,0,ruizk001,32,SBCBBS,K
play,6,0,smitd008,12,BFSC,K
play,6,1,arenn001,00,,NP
sub,weemj001,"Jordan Weems",0,0,1
play,6,1,arenn001,01,.CX,9/F89XD
play,6,1,contw001,00,X,S9/L89
play,6,1,walkj003,01,FX,7/F78XD+
play,6,1,gormn001,21,CBBX,6/P56D
play,7,0,dickc002,00,,NP
sub,romej002,"JoJo Romero",1,0,1
play,7,0,dickc002,00,.,NP
sub,garrs003,"Stone Garrett",0,7,11
play,7,0,garrs003,11,..BS.X,S7/L7LS
play,7,0,garcl006,02,SFS,K
play,7,0,calla002,11,FB1X,54(1)/FO/G6S.B-1
play,7,0,abrac001,12,CBC1>*B,CS2(26)
play,7,1,dejop001,00,,NP
sub,garrs003,"Stone Garrett",0,7,7
play,7,1,dejop001,12,.CBSX,S9/G4
play,7,1,carld002,00,X,7/F7D
play,7,1,donob001,10,1BX,13/SH/BG1S.1-2
play,7,1,goldp001,00,,NP
sub,thomm005,"Mason Thompson",0,0,1
play,7,1,goldp001,10,.BX,3/P3D
play,8,0,abrac001,22,BFBFS,K
play,8,0,thoml002,00,,NP
sub,gallg001,"Giovanny Gallegos",1,0,1
play,8,0,thoml002,22,.BFBFS,K
play,8,0,vargi001,01,FX,S9/G34+
play,8,0,menej001,02,CFN,BK.1-2
play,8,0,menej001,12,CFN.BFX,D7/F7D.2-H
play,8,0,ruizk001,10,BX,S5/G6S.2-3
play,8,0,smitd008,22,FBBS>X,7/F78
play,8,1,nootl001,00,,NP
sub,finnk001,"Kyle Finnegan",0,0,1
play,8,1,nootl001,21,.CBBX,3/G3
play,8,1,arenn001,00,X,8/L8D
play,8,1,contw001,02,CSX,HR/F89XD
play,8,1,walkj003,01,SX,63/G6
play,9,0,garrs003,00,,NP
sub,hickj002,"Jordan Hicks",1,0,1
play,9,0,garrs003,12,.CS.BS,K
play,9,0,garcl006,10,BX,43/G34+
play,9,0,calla002,00,X,8/L8D
play,9,1,gormn001,02,CCS,K
play,9,1,dejop001,12,CFBC,K
play,9,1,carld002,00,X,8/L78D
radj,calla002,2
com,"Alex Call starts inning at 2nd base."
play,10,0,abrac001,00,.X,S7/L78.2-3
play,10,0,thoml002,02,C*SX,S9/G23+.3-H(UR);1-3
play,10,0,vargi001,21,BCBX,6(1)3/GDP/G6.3-H(NR)
play,10,0,menej001,01,FX,53/G56
play,10,1,donob001,00,,NP
sub,harvh001,"Hunter Harvey",0,0,1
radj,carld002,2
com,"Dylan Carlson starts inning at 2nd base."
play,10,1,donob001,00,..X,43/G4.2-3
play,10,1,goldp001,11,CBX,9/F9
play,10,1,nootl001,22,CBBSS,K
data,er,willt002,1
data,er,thomm005,0
data,er,harvh001,0
data,er,weemj001,0
data,er,finnk001,1
data,er,abboc001,3
data,er,mikom001,0
data,er,romej002,0
data,er,gallg001,1
data,er,palla001,3
data,er,hickj002,1
data,er,strac001,0
id,SLN202307170
version,2
info,visteam,MIA
info,hometeam,SLN
info,site,STL10
info,date,2023/07/17
info,number,0
info,gametype,regular
info,starttime,6:45PM
info,daynight,night
info,innings,9
info,tiebreaker,2
info,usedh,true
info,umphome,ticht901
info,ump1b,randt901
info,ump2b,tosia901
info,ump3b,knigb901
info,umplf,(none)
info,umprf,(none)
info,inputtime,2023/07/19 09:06:45
info,howscored,unknown
info,pitches,pitches
info,oscorer,webbj701
info,temp,80
info,winddir,torf
info,windspeed,7
info,fieldcond,unknown
info,precip,none
info,sky,cloudy
info,timeofgame,168
info,attendance,35619
info,wp,mikom001
info,lp,flord002
info,save,hickj002
start,arral001,"Luis Arraez",0,1,4
start,solej001,"Jorge Soler",0,2,10
start,coopg002,"Garrett Cooper",0,3,3
start,sancj003,"Jesus Sanchez",0,4,9
start,delab001,"Bryan De La Cruz",0,5,7
start,seguj002,"Jean Segura",0,6,5
start,wendj002,"Joey Wendle",0,7,6
start,fortn001,"Nick Fortes",0,8,2
start,myerd001,"Dane Myers",0,9,8
start,luzaj001,"Jesus Luzardo",0,0,1
start,carld002,"Dylan Carlson",1,1,8
start,goldp001,"Paul Goldschmidt",1,2,3
start,arenn001,"Nolan Arenado",1,3,5
start,contw001,"Willson Contreras",1,4,10
start,walkj003,"Jordan Walker",1,5,9
start,dejop001,"Paul DeJong",1,6,6
start,herri001,"Ivan Herrera",1,7,2
start,nootl001,"Lars Nootbaar",1,8,7
start,fermj001,"Jose Fermin",1,9,4
start,mikom001,"Miles Mikolas",1,0,1
play,1,0,arral001,22,BFBS.FFFFFFX,8/F8XD+
play,1,0,solej001,12,FFBX,43/G4D
play,1,0,coopg002,12,SBFX,53/G56S
play,1,1,carld002,31,FBBBX,63/G6+
play,1,1,goldp001,32,BCBFB.FC,K
play,1,1,arenn001,32,CBBBS.X,53/G56
play,2,0,sancj003,22,BCBCS,K
play,2,0,delab001,31,CBBBX,HR/F78XD
play,2,0,seguj002,00,X,63/G6+
play,2,0,wendj002,11,BFX,S9/F89
play,2,0,fortn001,00,X,3/P3F/FL
play,2,1,contw001,00,X,6/P6D
play,2,1,walkj003,00,X,S7/G56+
play,2,1,dejop001,30,B1*BBB,W.1-2
play,2,1,herri001,12,FBF.FX,3/P3F/FL
play,2,1,nootl001,00,X,3/G3
play,3,0,myerd001,02,CFX,53/G56
play,3,0,arral001,31,BFBBX,43/G4D
play,3,0,solej001,00,X,5/P56S
play,3,1,fermj001,02,FFX,13/G1
play,3,1,carld002,32,BSC.BBX,D7/F7LD
play,3,1,goldp001,00,X,3/P3F/FL
play,3,1,arenn001,22,*B*B*SCX,S7/G6M.2-H
play,3,1,contw001,31,BBS*BB,W.1-2
play,3,1,walkj003,32,FBS.BB>C,K
play,4,0,coopg002,12,CS.FBX,43/G34
play,4,0,sancj003,12,BFFFS,K
play,4,0,delab001,02,FFFX,63/G56
play,4,1,dejop001,12,FBF.FFFX,63/G56
play,4,1,herri001,01,CX,8/L8XD+
play,4,1,nootl001,32,BCBBCX,S8/G6M+
play,4,1,fermj001,32,CBBBF.>F>X,63/G6
play,5,0,seguj002,11,BCX,43/G4
play,5,0,wendj002,02,CFS,K
play,5,0,fortn001,11,BCX,S8/G6M+
play,5,0,myerd001,22,S*B*BFFX,S15/G6S-.1-2
play,5,0,arral001,20,B*BX,S7/L7.2-H;1-3;B-2
play,5,0,solej001,12,FBCX,8/F89XD+
play,5,1,carld002,32,.BCFBFBB,W
play,5,1,goldp001,32,S*BB1BCF1X,S8/G4M.1-3
play,5,1,arenn001,00,,NP
sub,charj001,"JT Chargois",0,0,1
play,5,1,arenn001,22,.BFC*B.X,8/SF/L8XD.3-H
play,5,1,contw001,32,BBBCC>F1,PO1(E1/TH).1-2
play,5,1,contw001,32,BBBCC>F1.FC,K
play,5,1,walkj003,31,*BBBCX,S7/F78.2-H(UR)
play,5,1,dejop001,20,BBX,54(1)/FO/G56S.B-1
play,6,0,coopg002,00,X,9/F9LD
play,6,0,sancj003,20,BBX,HR/F78XD
play,6,0,delab001,22,FBCFBX,D7/L7D+
play,6,0,seguj002,01,FX,63/G6.2-3
play,6,0,wendj002,00,X,41/G34
play,6,1,herri001,00,,NP
sub,flord002,"Dylan Floro",0,0,1
play,6,1,herri001,22,.CFBBX,9/L9D+
play,6,1,nootl001,12,CFBFX,7/F7L
play,6,1,fermj001,00,,NP
sub,gormn001,"Nolan Gorman",1,9,11
play,6,1,gormn001,32,.CBCBFBX,D8/L78XD+
play,6,1,carld002,00,X,S9/G4.2-H
play,6,1,goldp001,10,*BX,S8/L8.1-3
play,6,1,arenn001,11,SBX,D8/L89XD+.3-H;1-H
play,6,1,contw001,22,CBC.BFF*S,K
play,7,0,fortn001,00,,NP
sub,gormn001,"Nolan Gorman",1,9,4
play,7,0,fortn001,00,.,NP
sub,teper001,"Ryan Tepera",1,0,1
play,7,0,fortn001,11,..SBX,63/G6
play,7,0,myerd001,22,CBS.BX,S8/L8+
play,7,0,arral001,10,BX,9/F9LD
play,7,0,solej001,00,1H,HP.1-2
play,7,0,coopg002,20,BBX,S8/G6M+.2-H;1-2
play,7,0,sancj003,30,*B*B*BB,W.2-3;1-2
play,7,0,delab001,00,,NP
sub,gallg001,"Giovanny Gallegos",1,0,1
play,7,0,delab001,32,.B*SCBB>X,63/G6+
play,7,1,walkj003,00,,NP
sub,hoeib001,"Bryan Hoeing",0,0,1
play,7,1,walkj003,00,.X,8/F89D
play,7,1,dejop001,10,BX,S8/F8S
play,7,1,herri001,32,SBSBB.>F>S,K+CS2(24)/DP
play,8,0,seguj002,22,CBBCS,K
play,8,0,wendj002,12,SF.BX,43/G34
play,8,0,fortn001,10,BX,9/F8S
play,8,1,nootl001,00,,NP
sub,puk-a001,"A.J. Puk",0,0,1
play,8,1,nootl001,22,.BCFBC,K
play,8,1,gormn001,31,SBBBB,W
play,8,1,carld002,20,BBX,7/F7D
play,8,1,goldp001,12,1CBFX,53/G56S
play,9,0,myerd001,00,,NP
sub,hickj002,"Jordan Hicks",1,0,1
play,9,0,myerd001,02,.CSX,S5/G56S
play,9,0,arral001,00,X,46(1)3/GDP/G4
play,9,0,solej001,32,FBBBSX,D7/G5
com,"$Cardinals challenged (tag play), call on the field was upheld."
play,9,0,coopg002,01,CX,S6/G15-.2-3
play,9,0,sancj003,00,,NP
sub,hampg001,"Garrett Hampson",0,3,12
play,9,0,sancj003,20,.B*BX,43/G4
data,er,luzaj001,2
data,er,hoeib001,0
data,er,flord002,3
data,er,puk-a001,0
data,er,charj001,0
data,er,mikom001,3
data,er,gallg001,0
data,er,hickj002,0
data,er,teper001,1
id,SLN202307270
version,2
info,visteam,CHN
info,hometeam,SLN
info,site,STL10
info,date,2023/07/27
info,number,0
info,gametype,regular
info,starttime,6:45PM
info,daynight,night
info,innings,9
info,tiebreaker,2
info,usedh,true
info,umphome,addir901
info,ump1b,littw901
info,ump2b,barkl901
info,ump3b,merzd901
info,umplf,(none)
info,umprf,(none)
info,inputtime,2023/09/24 07:52:45
info,howscored,unknown
info,pitches,pitches
info,oscorer,webbj701
info,temp,99
info,winddir,tolf
info,windspeed,8
info,fieldcond,unknown
info,precip,none
info,sky,sunny
info,timeofgame,173
info,attendance,44584
info,wp,steej002
info,lp,mikom001
info,save,
start,taucm001,"Mike Tauchman",0,1,8
start,hoern001,"Nico Hoerner",0,2,4
start,happi001,"Ian Happ",0,3,7
start,bellc002,"Cody Bellinger",0,4,3
start,suzus001,"Seiya Suzuki",0,5,9
start,swand001,"Dansby Swanson",0,6,6
start,morec001,"Christopher Morel",0,7,10
start,gomey001,"Yan Gomes",0,8,2
start,mastm001,"Miles Mastrobuoni",0,9,5
start,steej002,"Justin Steele",0,0,1
start,donob001,"Brendan Donovan",1,1,10
start,goldp001,"Paul Goldschmidt",1,2,3
start,arenn001,"Nolan Arenado",1,3,5
start,contw001,"Willson Contreras",1,4,2
start,oneit001,"Tyler O'Neill",1,5,7
start,walkj003,"Jordan Walker",1,6,9
start,gormn001,"Nolan Gorman",1,7,4
start,carld002,"Dylan Carlson",1,8,8
start,mottt001,"Taylor Motter",1,9,6
start,mikom001,"Miles Mikolas",1,0,1
play,1,0,taucm001,22,CS.BBFC,K
play,1,0,hoern001,11,CBX,8/F8XD
play,1,0,happi001,21,BBS,NP
sub,kniza001,"Andrew Knizner",1,4,2
play,1,0,happi001,31,BBS.BH,HP
com,"ej,mikom001,P,addir901,Intentionally hitting batter"
com,"$Cardinals pitcher Miles Mikolas ejected by HP umpire Ryan Additon"
com,"for intentionally hitting batter (in retaliation for Happ backswing injuring Contreras)"
play,1,0,bellc002,00,.,NP
sub,hudsd002,"Dakota Hudson",1,0,1
com,"ej,marmo801,M,littw901,Intentionally hitting batter"
com,"$Cardinals manager Oliver Marmol ejected by 1B umpire Will Little"
com,"for intentionally hitting batter"
play,1,0,bellc002,22,...BBFFFX,S8/G6M+.1-2
play,1,0,suzus001,31,BSB*BB,W.2-3;1-2
play,1,0,swand001,30,BBBB,W.3-H;2-3;1-2
play,1,0,morec001,00,X,DGR/L7LD+.3-H;2-H;1-3
play,1,0,gomey001,32,SBSBFFBX,53/G56S
play,1,1,donob001,01,CX,63/G6
play,1,1,goldp001,32,CSBBBS,K
play,1,1,arenn001,10,BX,53/G56S
play,2,0,mastm001,12,BCCFS,K
play,2,0,taucm001,11,CBX,S8/G6
play,2,0,hoern001,21,B*BCX,8/L8+
play,2,0,happi001,10,*BX,46(1)/FO/G4.B-1
play,2,1,kniza001,11,CBX,63/G56
play,2,1,oneit001,10,BX,S7/L7+
play,2,1,walkj003,22,BBCSFS,K
play,2,1,gormn001,02,FS*S,K
play,3,0,bellc002,01,CX,9/F9D
play,3,0,suzus001,32,CBBBFF.X,3/G3
play,3,0,swand001,01,CX,S5/G25-
play,3,0,morec001,02,SFX,S7/L78+.1-2
play,3,0,gomey001,32,BBCBF>F>X,S7/L7LD+.2-H;1-3
play,3,0,mastm001,21,CBBX,S4/G4S.3-H;1-2
play,3,0,taucm001,01,FX,46(1)/FO/G4.B-1
play,3,1,carld002,11,FBX,S8/G6M
play,3,1,mottt001,22,BBFFX,43/G34.1-2
play,3,1,donob001,22,BTSFB*S,K
play,3,1,goldp001,32,CF*BBFBFB,W
play,3,1,arenn001,21,BBCX,54(1)/FO/G56.B-1
play,4,0,hoern001,10,BX,D7/L7L
play,4,0,happi001,00,X,8/F78D
play,4,0,bellc002,10,BX,S8/L8.2-3
play,4,0,suzus001,11,FBX,64(1)/FO/G6.3-H;B-1
play,4,0,swand001,32,BFFBB.>S,K
play,4,1,kniza001,00,X,HR/F7D
play,4,1,oneit001,11,BCX,S7/G56+
play,4,1,walkj003,02,SFX,9/F89XD
play,4,1,gormn001,30,BBBB,W.1-2
play,4,1,carld002,00,X,8/F89D
play,4,1,mottt001,01,CX,5(2)/FO/G56S.B-1
play,5,0,morec001,32,SBBF.BX,53/G5
play,5,0,gomey001,22,BSFFB*S,K
play,5,0,mastm001,10,BX,3/G3
play,5,1,donob001,22,FFBBFX,13/G2
play,5,1,goldp001,12,FCBX,53/G56
play,5,1,arenn001,12,BFSX,D7/G5
play,5,1,kniza001,02,FFFX,7/F7
play,6,0,taucm001,00,,NP
sub,suara002,"Andrew Suarez",1,0,1
play,6,0,taucm001,22,.FBSBX,HR/F89XD
play,6,0,hoern001,01,CX,8/F89
play,6,0,happi001,01,FX,3/G34
play,6,0,bellc002,12,CFBFX,8/F89D
play,6,1,oneit001,32,BSBSBB,W
play,6,1,walkj003,00,X,7/F7D
play,6,1,gormn001,02,FCX,36(1)3/GDP/G34
play,7,0,suzus001,31,CBBBX,9/F9LS
play,7,0,swand001,32,SCBFBF.BF*B,W
play,7,0,morec001,10,BB,PB.1-2
play,7,0,morec001,31,BB.BCB,W
play,7,0,gomey001,02,FFFX,D7/G5.2-H;1-H
play,7,0,mastm001,10,BX,43/G34.2-3
play,7,0,taucm001,32,B*BSCBX,6/L6MD+
play,7,1,carld002,00,,NP
sub,paled001,"Daniel Palencia",0,0,1
play,7,1,carld002,22,.CFBBFS,K
play,7,1,mottt001,22,FTBBFS,K
play,7,1,donob001,00,X,5/P5F/FL
play,8,0,hoern001,00,,NP
sub,burla001,"Alec Burleson",1,2,3
play,8,0,hoern001,00,.,NP
sub,dejop001,"Paul DeJong",1,3,6
play,8,0,hoern001,00,..,NP
sub,mottt001,"Taylor Motter",1,9,5
play,8,0,hoern001,00,...,NP
sub,verhd001,"Drew VerHagen",1,0,1
play,8,0,hoern001,00,....,NP
sub,wisdp001,"Patrick Wisdom",0,2,11
play,8,0,wisdp001,12,.....CBCFX,63/G6
play,8,0,happi001,32,CBBBFB,W
play,8,0,bellc002,21,BFBX,S9/L9.1-2
play,8,0,suzus001,02,CCX,64(1)/FO/G15.2-3;B-1
play,8,0,swand001,00,,NP
sub,manct001,"Trey Mancini",0,6,11
play,8,0,manct001,32,.BBSBC>S,K
play,8,1,burla001,00,,NP
sub,wisdp001,"Patrick Wisdom",0,2,5
play,8,1,burla001,00,.,NP
sub,manct001,"Trey Mancini",0,6,3
play,8,1,burla001,00,..,NP
sub,morec001,"Christopher Morel",0,7,4
play,8,1,burla001,00,...,NP
sub,amaym001,"Miguel Amaya",0,8,2
play,8,1,burla001,00,....,NP
sub,mastm001,"Miles Mastrobuoni",0,9,6
play,8,1,burla001,00,.....,NP
sub,kay-a001,"Anthony Kay",0,4,1
play,8,1,burla001,11,......FBX,D8/L89D+
play,8,1,dejop001,02,FSX,9/F9
play,8,1,kniza001,11,BFX,HR/F7LD.2-H
play,8,1,oneit001,11,CBX,D7/G5
play,8,1,walkj003,32,FFBFBBX,63/G6S
play,8,1,gormn001,22,BBFSS,K
play,9,0,morec001,12,BSCX,S8/F8
play,9,0,amaym001,10,BH,HP.1-2
play,9,0,mastm001,10,BX,36(1)/FO/G3.2-3;B-1
play,9,0,taucm001,21,BBFX,S5/G5-.3-H;1-2
play,9,0,wisdp001,02,CFFC,K
play,9,0,happi001,11,BFX,7/F7L
play,9,1,carld002,00,,NP
sub,ruckm001,"Michael Rucker",0,4,1
play,9,1,carld002,02,.FFX,6/P8S
play,9,1,mottt001,22,BSFBS,K
play,9,1,donob001,01,CX,E5/G6S.B-1
play,9,1,burla001,21,BCBX,31/G34+
data,er,paled001,0
data,er,kay-a001,2
data,er,ruckm001,0
data,er,steej002,1
data,er,mikom001,1
data,er,suara002,3
data,er,hudsd002,5
data,er,verhd001,1
id,SLN202308010
version,2
info,visteam,MIN
info,hometeam,SLN
info,site,STL10
info,date,2023/08/01
info,number,0
info,gametype,regular
info,starttime,6:45PM
info,daynight,night
info,innings,9
info,tiebreaker,2
info,usedh,true
info,umphome,may-b901
info,ump1b,nelsj901
info,ump2b,segac901
info,ump3b,buckc901
info,umplf,(none)
info,umprf,(none)
info,inputtime,2023/10/06 09:13:06
info,howscored,unknown
info,pitches,pitches
info,oscorer,webbj701
info,temp,84
info,winddir,rtol
info,windspeed,9
info,fieldcond,unknown
info,precip,none
info,sky,cloudy
info,timeofgame,155
info,attendance,37162
info,wp,lopep002
info,lp,mikom001
info,save,duraj002
start,corrc001,"Carlos Correa",0,1,6
start,julie001,"Edouard Julien",0,2,4
start,keplm001,"Max Kepler",0,3,9
start,buxtb001,"Byron Buxton",0,4,10
start,polaj001,"Jorge Polanco",0,5,5
start,wallm001,"Matt Wallner",0,6,7
start,jeffr002,"Ryan Jeffers",0,7,2
start,gallj002,"Joey Gallo",0,8,3
start,taylm002,"Michael A. Taylor",0,9,8
start,lopep002,"Pablo Lopez",0,0,1
start,nootl001,"Lars Nootbaar",1,1,9
start,goldp001,"Paul Goldschmidt",1,2,3
start,arenn001,"Nolan Arenado",1,3,5
start,contw001,"Willson Contreras",1,4,2
start,oneit001,"Tyler O'Neill",1,5,7
start,walkj003,"Jordan Walker",1,6,10
start,edmat001,"Tommy Edman",1,7,6
start,mottt001,"Taylor Motter",1,8,4
start,carld002,"Dylan Carlson",1,9,8
start,mikom001,"Miles Mikolas",1,0,1
play,1,0,corrc001,02,FFX,31/G34
play,1,0,julie001,32,BCBCBS,K
play,1,0,keplm001,01,CX,S78/L78
play,1,0,buxtb001,32,B*BFFB>X,53/G56
play,1,1,nootl001,21,BBFX,43/G34
play,1,1,goldp001,12,SFFBS,K
play,1,1,arenn001,22,CBBFFX,63/G6
play,2,0,polaj001,12,CBFC,K
play,2,0,wallm001,02,FFX,7/F78D
play,2,0,jeffr002,32,SC.BBBB,W
play,2,0,gallj002,22,CFB*BC,K
play,2,1,contw001,12,SBS.X,53/G56+
play,2,1,oneit001,32,CBCBFBS,K
play,2,1,walkj003,12,SFBX,6/P6MD
play,3,0,taylm002,00,X,S5/G56
com,"$Twins challenged (play at 1st), call on the field was overturned."
play,3,0,corrc001,21,BF*BX,7/F78XD+
play,3,0,julie001,01,FX,46(1)3/GDP/G34
play,3,1,edmat001,22,CBS.FBX,53/G6
play,3,1,mottt001,32,FFBFBBX,S56/G5
play,3,1,carld002,02,C1CX,31/G34.1-2
com,"$Twins challenged (play at 1st), call on the field was overturned."
play,3,1,nootl001,00,X,43/G34
play,4,0,keplm001,22,BCBCX,8/F78XD
play,4,0,buxtb001,22,FBCBC,K
play,4,0,polaj001,12,FCBX,7/F78
play,4,1,goldp001,00,X,63/G56D+
play,4,1,arenn001,01,CX,9/F9LF/FL
play,4,1,contw001,22,BCCBS,K
play,5,0,wallm001,11,BSX,9/F89XD
play,5,0,jeffr002,12,TC.FFBX,D7/L78XD+
play,5,0,gallj002,11,S*BX,8/L89D.2-3
play,5,0,taylm002,00,X,E6/TH/G6.3-H(NR)(UR);B-1
play,5,0,corrc001,01,1CX,8/L8
play,5,1,oneit001,22,FBFBFFC,K
play,5,1,walkj003,00,X,13/G1
com,"$Cardinals challenged (touching a base), call on the field was upheld."
play,5,1,edmat001,32,BSCBBFX,13/G34S-
play,6,0,julie001,21,CBBX,63/G6
play,6,0,keplm001,10,BX,9/F9D+
play,6,0,buxtb001,22,FBSFBX,9/F9D+
play,6,1,mottt001,00,X,S9/F9
play,6,1,carld002,22,FFBFFFBX,9/F9+
play,6,1,nootl001,22,CBBCX,S7/G56+.1-2
play,6,1,goldp001,22,BBFSS,K
play,6,1,arenn001,12,SC*BFX,S7/L7+.2-H;1X3(756)
play,7,0,polaj001,10,BX,S8/G4M
play,7,0,wallm001,10,BX,DGR/L7L.1-3
play,7,0,jeffr002,22,BSSBF*S,K.BX1(23)
play,7,0,gallj002,00,,NP
sub,solad001,"Donovan Solano",0,8,11
play,7,0,solad001,00,.X,S8/G4MS.3-H;2-H;B-2
play,7,0,taylm002,22,BCCFBC,K
play,7,0,corrc001,32,BBBCFFFFC,K
play,7,1,contw001,00,,NP
sub,castw003,"Willi Castro",0,6,7
play,7,1,contw001,00,.,NP
sub,solad001,"Donovan Solano",0,8,3
play,7,1,contw001,00,..,NP
sub,pagae001,"Emilio Pagan",0,0,1
play,7,1,contw001,02,...FSS,K
play,7,1,oneit001,01,CX,8/F89D
play,7,1,walkj003,32,FC.BBFFFBB,W
play,7,1,edmat001,10,*B1X,7/F78
play,8,0,julie001,00,,NP
sub,kingj002,"John King",1,0,1
play,8,0,julie001,00,.,NP
sub,farmk001,"Kyle Farmer",0,2,11
play,8,0,farmk001,10,..BX,53/G56
play,8,0,keplm001,22,FBBS.X,31/G34
play,8,0,buxtb001,21,FBBX,D8/L78XD+
play,8,0,polaj001,11,CBX,63/G6
play,8,1,mottt001,00,,NP
sub,farmk001,"Kyle Farmer",0,2,5
play,8,1,mottt001,00,.,NP
sub,polaj001,"Jorge Polanco",0,5,4
play,8,1,mottt001,00,..,NP
sub,jax-g001,"Griffin Jax",0,0,1
play,8,1,mottt001,12,...BCCX,63/G6M
play,8,1,carld002,00,X,43/G4S
play,8,1,nootl001,11,BCX,S68/G4M+
play,8,1,goldp001,10,BX,S8/G6M.1-2
play,8,1,arenn001,21,C*BBX,7/F7D
play,9,0,castw003,00,,NP
sub,verhd001,"Drew VerHagen",1,0,1
play,9,0,castw003,22,.CS.FBBX,43/G34
play,9,0,jeffr002,12,CBF.C,K
play,9,0,solad001,12,CSBX,7/F7D
play,9,1,contw001,00,,NP
sub,duraj002,"Jhoan Duran",0,0,1
play,9,1,contw001,12,.BFFX,53/G6
play,9,1,oneit001,10,BX,HR/F9D+
play,9,1,walkj003,22,BSBS.S,K
play,9,1,edmat001,00,,NP
sub,burla001,"Alec Burleson",1,7,11
play,9,1,burla001,02,.CF*S,K
data,er,pagae001,0
data,er,duraj002,1
data,er,jax-g001,0
data,er,lopep002,1
data,er,mikom001,2
data,er,kingj002,0
data,er,verhd001,0
id,SLN202308140
version,2
info,visteam,OAK
info,hometeam,SLN
info,site,STL10
info,date,2023/08/14
info,number,0
info,gametype,regular
info,starttime,6:45PM
info,daynight,night
info,innings,9
info,tiebreaker,2
info,usedh,true
info,umphome,mosce901
info,ump1b,rackd901
info,ump2b,vanol901
info,ump3b,tomln901
info,umplf,(none)
info,umprf,(none)
info,inputtime,2023/08/17 10:08:27
info,howscored,unknown
info,pitches,pitches
info,oscorer,smitm701
info,temp,79
info,winddir,torf
info,windspeed,13
info,fieldcond,unknown
info,precip,none
info,sky,cloudy
info,timeofgame,175
info,attendance,34793
info,wp,romej002
info,lp,felia001
info,save,
start,ruize001,"Esteury Ruiz",0,1,7
start,geloz001,"Zack Gelof",0,2,4
start,brows003,"Seth Brown",0,3,9
start,rookb001,"Brent Rooker",0,4,10
start,diazj008,"Jordan Diaz",0,5,5
start,sodet001,"Tyler Soderstrom",0,6,3
start,langs001,"Shea Langeliers",0,7,2
start,butll001,"Lawrence Butler",0,8,8
start,allen002,"Nick Allen",0,9,6
start,searj001,"JP Sears",0,0,1
start,edmat001,"Tommy Edman",1,1,6
start,goldp001,"Paul Goldschmidt",1,2,3
start,arenn001,"Nolan Arenado",1,3,5
start,contw001,"Willson Contreras",1,4,2
start,oneit001,"Tyler O'Neill",1,5,7
start,nootl001,"Lars Nootbaar",1,6,8
start,bakel001,"Luken Baker",1,7,10
start,walkj003,"Jordan Walker",1,8,9
start,mottt001,"Taylor Motter",1,9,4
start,mikom001,"Miles Mikolas",1,0,1
play,1,0,ruize001,12,BFFFFS,K
play,1,0,geloz001,01,FX,63/G6S
play,1,0,brows003,02,SS.FX,8/F89
play,1,1,edmat001,00,X,7/L78
play,1,1,goldp001,32,BCSBBF.B,W
play,1,1,arenn001,22,BFSBS,K
play,1,1,contw001,11,1CB>B,SB2
play,1,1,contw001,32,1CB>B.F.BFFB,W
play,1,1,oneit001,30,*BBBB,W.2-3;1-2
play,1,1,nootl001,11,CBX,3/L3
play,2,0,rookb001,01,CX,S7/L78
play,2,0,diazj008,22,BF*BS.S,K
play,2,0,sodet001,01,CX,46(1)3/GDP/G34
play,2,1,bakel001,22,BFFBS,K
play,2,1,walkj003,22,BBCCX,S6/G6
play,2,1,mottt001,22,CB1BSS,K
play,2,1,edmat001,12,CBF1,SB2
com,"$Cardinals challenged (tag play), call on the field was overturned."
play,2,1,edmat001,12,CBF1.X,S9/L9.2-H
play,2,1,goldp001,00,X,S9/G4.1-2
play,2,1,arenn001,02,CFX,4/P4D
play,3,0,langs001,32,CBS.BBFB,W
play,3,0,butll001,02,CFX,8/F78XD
play,3,0,allen002,01,CX,64(1)/FO/G56.B-1
play,3,0,ruize001,00,X,C/E2.1-2;B-1
play,3,0,geloz001,11,FBX,9/F9
play,3,1,contw001,11,CBX,S9/L9S
play,3,1,oneit001,12,FFBFFX,9/F9D.1-2
play,3,1,nootl001,12,BCSX,8/L8/DP.2X2(84)
play,4,0,brows003,00,,NP
sub,kniza001,"Andrew Knizner",1,4,2
play,4,0,brows003,11,.CBX,31/G3
play,4,0,rookb001,01,CX,9/F9D
play,4,0,diazj008,32,BF.BFFBB,W
play,4,0,sodet001,22,C*BFFBX,8/L8D
play,4,1,bakel001,22,SBS.BS,K
play,4,1,walkj003,00,X,9/F9
play,4,1,mottt001,12,CC.BS,K
play,5,0,langs001,00,X,8/F8XD
play,5,0,butll001,22,BFFBX,63/G6M
play,5,0,allen002,11,BFH,HP
play,5,0,ruize001,32,1BCBFB>X,HR/F78XD.1-H
play,5,0,geloz001,32,SFBBB.S,K
play,5,1,edmat001,11,CBX,S4/G6
play,5,1,goldp001,31,BBC1BX,HR/F7D.1-H
play,5,1,arenn001,00,X,9/F89S
play,5,1,kniza001,01,SX,8/F89
play,5,1,oneit001,32,BCFBBF.B,W
play,5,1,nootl001,11,CB>C,SB2
play,5,1,nootl001,12,CB>C.FC,K
play,6,0,brows003,00,X,S9/L9L+
play,6,0,rookb001,30,BBBB,W.1-2
play,6,0,diazj008,00,X,14(1)3/GDP/G1+.2-3
play,6,0,sodet001,21,BBCX,3/G3
play,6,1,bakel001,00,,NP
sub,ercel001,"Lucas Erceg",0,0,1
play,6,1,bakel001,10,.BX,53/G5
play,6,1,walkj003,32,SC.BBB*B,W
play,6,1,mottt001,00,X,3/P3F/FL
play,6,1,edmat001,11,1*BCX,6(1)/FO/G6M.B-1
play,7,0,langs001,22,CBS.BC,K
play,7,0,butll001,12,BSCFFX,S8/F78S
play,7,0,allen002,01,FX,S7/L78D.1-2
play,7,0,ruize001,00,,NP
sub,gallg001,"Giovanny Gallegos",1,0,1
play,7,0,ruize001,11,.S*BX,6/L6
play,7,0,geloz001,01,CX,D7/G5.2-H;1-3
play,7,0,brows003,20,BBX,S7/L78D.3-H;2-H
play,7,0,rookb001,22,BC>F*BX,6/P6D
play,7,1,goldp001,00,,NP
sub,felia001,"Angel Felipe",0,0,1
play,7,1,goldp001,32,.BBBCC.B,W
play,7,1,arenn001,12,*BSCC,K
play,7,1,kniza001,32,1C.BBBCB,W.1-2
play,7,1,oneit001,30,*BBBB,W.2-3;1-2
play,7,1,nootl001,00,,NP
sub,peref002,"Francisco Perez",0,0,1
play,7,1,nootl001,31,.B*BBCB,W.3-H;2-3;1-2
play,7,1,bakel001,02,FSC,K
play,7,1,walkj003,32,BBBCF>F>X,T9/F89XD+.3-H;2-H;1-H
play,7,1,mottt001,22,F*B*BF*S,K.BX1(23)
play,8,0,diazj008,00,,NP
sub,verhd001,"Drew VerHagen",1,0,1
play,8,0,diazj008,12,.BCFX,6/P78S
play,8,0,sodet001,32,CS.BBBX,31/G3+
play,8,0,langs001,21,BBCX,S7/L7
play,8,0,butll001,00,,NP
sub,romej002,"JoJo Romero",1,0,1
play,8,0,butll001,00,.,NP
sub,diaza003,"Aledmys Diaz",0,8,11
play,8,0,diaza003,00,..X,13/G1S+
play,8,1,edmat001,00,,NP
sub,ruize001,"Esteury Ruiz",0,1,8
play,8,1,edmat001,00,.,NP
sub,diaza003,"Aledmys Diaz",0,8,7
play,8,1,edmat001,00,..,NP
sub,nealz001,"Zach Neal",0,0,1
play,8,1,edmat001,12,...FFBS,K
play,8,1,goldp001,31,BBCBB,W
play,8,1,arenn001,32,BBBFSX,7/L7D
play,8,1,kniza001,01,S1X,S8/G6M.1-2
play,8,1,oneit001,12,CSBS,K
play,9,0,allen002,10,BX,E1/TH/G15.B-2
play,9,0,ruize001,22,BCBCFT,K
play,9,0,geloz001,12,BSS*S,K
play,9,0,brows003,12,S*BCX,63/G6D
data,er,nealz001,0
data,er,felia001,3
data,er,ercel001,0
data,er,peref002,1
data,er,searj001,3
data,er,mikom001,4
data,er,romej002,0
data,er,gallg001,1
data,er,verhd001,0
id,SLN202308190
version,2
info,visteam,NYN
info,hometeam,SLN
info,site,STL10
info,date,2023/08/19
info,number,0
info,gametype,regular
info,starttime,6:15PM
info,daynight,night
info,innings,9
info,tiebreaker,2
info,usedh,true
info,umphome,tumpj901
info,ump1b,blakr901
info,ump2b,hudsm901
info,ump3b,wendh902
info,umplf,(none)
info,umprf,(none)
info,inputtime,2023/09/10 09:03:15
info,howscored,unknown
info,pitches,pitches
info,oscorer,smitm701
info,temp,87
info,winddir,rtol
info,windspeed,11
info,fieldcond,unknown
info,precip,none
info,sky,sunny
info,timeofgame,170
info,attendance,40303
info,wp,sengk001
info,lp,mikom001
info,save,
start,nimmb001,"Brandon Nimmo",0,1,8
start,lindf001,"Francisco Lindor",0,2,6
start,mcnej002,"Jeff McNeil",0,3,4
start,alonp001,"Pete Alonso",0,4,3
start,voged001,"Daniel Vogelbach",0,5,10
start,alvaf001,"Francisco Alvarez",0,6,2
start,stewd002,"DJ Stewart",0,7,9
start,mendd002,"Danny Mendick",0,8,5
start,orter001,"Rafael Ortega",0,9,7
start,sengk001,"Kodai Senga",0,0,1
start,edmat001,"Tommy Edman",1,1,4
start,goldp001,"Paul Goldschmidt",1,2,3
start,arenn001,"Nolan Arenado",1,3,5
start,contw001,"Willson Contreras",1,4,10
start,oneit001,"Tyler O'Neill",1,5,7
start,burla001,"Alec Burleson",1,6,9
start,kniza001,"Andrew Knizner",1,7,2
start,palar002,"Richie Palacios",1,8,8
start,winnm001,"Masyn Winn",1,9,6
start,mikom001,"Miles Mikolas",1,0,1
play,1,0,nimmb001,12,CS.BX,43/G4
play,1,0,lindf001,00,X,S9/L9+
play,1,0,mcnej002,10,B1X,S9/G34.1-3
play,1,0,alonp001,32,BCS.BFB>S,K+SBH;SB2.3-H(NR)
play,1,0,voged001,02,CFC,K
badj,edmat001,R
play,1,1,edmat001,10,BX,43/G4
play,1,1,goldp001,10,BX,4E1/G4.B-1
play,1,1,arenn001,32,BCBBFX,53/G56S.1-2
play,1,1,contw001,21,BC*BX,8/F8D
play,2,0,alvaf001,32,SFBB.BS,K
play,2,0,stewd002,22,FBBC.S,K
play,2,0,mendd002,22,CBCBX,4/L4MD
play,2,1,oneit001,32,BBFFBB,W
play,2,1,burla001,00,X,16(1)3/GDP/G1-
play,2,1,kniza001,12,.SFFBX,63/G6
play,3,0,orter001,12,SBFX,43/G34D
play,3,0,nimmb001,22,CBFBX,E4/TH/G34.B-1
play,3,0,lindf001,01,F>B,CS2(26)
play,3,0,lindf001,11,F>B.X,D9/L9L
play,3,0,mcnej002,21,BFBX,D39/G3.2-H
play,3,0,alonp001,00,X,7/F1S+
play,3,1,palar002,20,BBX,9/F89XD
play,3,1,winnm001,21,BBCX,53/G56S
badj,edmat001,R
play,3,1,edmat001,20,BBX,63/G56
play,4,0,voged001,21,BFBX,31/G3
play,4,0,alvaf001,11,BCX,53/G56S
play,4,0,stewd002,10,BX,HR/F89XD
play,4,0,mendd002,21,CBBX,9/L9
play,4,1,goldp001,32,BCSBBFC,K
play,4,1,arenn001,00,X,HR/F7D
play,4,1,contw001,01,CX,S9/F9S
play,4,1,oneit001,22,SBFBX,54(1)3/GDP/G56S
play,5,0,orter001,02,CFX,63/G4MD
play,5,0,nimmb001,32,BFBSF.BFB,W
play,5,0,lindf001,12,SBFX,S9/G34+.1-3
play,5,0,mcnej002,12,BFFF>FFX,6/P56D
play,5,0,alonp001,30,BBBB,W.1-2
play,5,0,voged001,10,BX,HR/L9D.3-H;2-H;1-H
play,5,0,alvaf001,00,,NP
sub,suara002,"Andrew Suarez",1,0,1
play,5,0,alvaf001,02,.FSX,53/G56S
play,5,1,burla001,31,BBFBB,W
play,5,1,kniza001,11,BFX,5/P5SF/FL
play,5,1,palar002,22,BFBFX,46(1)/FO/G34.B-1
play,5,1,winnm001,22,BBCC.S,K
play,6,0,stewd002,22,CSBB.FFC,K
play,6,0,mendd002,00,X,43/G4D
play,6,0,orter001,02,CCX,63/G4
badj,edmat001,R
play,6,1,edmat001,01,CX,4/P34D
play,6,1,goldp001,32,BCBSFBFS,K
play,6,1,arenn001,11,BFX,7/F7
play,7,0,nimmb001,21,CBBX,43/G34D+
play,7,0,lindf001,32,CBBFB*S,K.BX1(23)
play,7,0,mcnej002,00,X,S7/L7
play,7,0,alonp001,22,CFFBFFBX,HR/F78XD.1-H
play,7,0,voged001,12,CBC*S,K
play,7,1,contw001,12,FSBS,K
play,7,1,oneit001,22,SBBFX,53/G5
play,7,1,burla001,32,BBCFBC,K
play,8,0,alvaf001,00,,NP
sub,bakel001,"Luken Baker",1,2,3
play,8,0,alvaf001,00,.,NP
sub,mottt001,"Taylor Motter",1,3,5
play,8,0,alvaf001,00,..X,9/F9LD
play,8,0,stewd002,31,BBBC.*B,W
play,8,0,mendd002,12,CC*BFFX,S8/L8D+.1-2
play,8,0,orter001,00,X,4/L4
play,8,0,nimmb001,00,,NP
sub,locat001,"Tim Locastro",0,1,11
play,8,0,locat001,32,.SBBSB>F>F>*B,W.2-3;1-2
play,8,0,lindf001,12,F.BFX,S5/G56S.3-H;2-H(E5/TH)(NR)(UR);1-H(NR)(UR);B-2
play,8,0,mcnej002,10,BX,8/F8
play,8,1,kniza001,00,,NP
sub,locat001,"Tim Locastro",0,1,7
play,8,1,kniza001,00,.,NP
sub,arauj001,"Jonathan Arauz",0,2,6
play,8,1,kniza001,00,..,NP
sub,orter001,"Rafael Ortega",0,9,8
play,8,1,kniza001,00,...,NP
sub,nittv001,"Vinny Nittoli",0,0,1
play,8,1,kniza001,00,....H,HP
play,8,1,palar002,21,BCBX,13/G3S.1-2
play,8,1,winnm001,00,N,BK.2-3
play,8,1,winnm001,32,N.CSBBBS,K
play,8,1,edmat001,32,BFBBCX,S5/G56S.3-H
play,8,1,bakel001,01,CX,9/F9S
play,9,0,alonp001,00,,NP
sub,zunig001,"Guillermo Zuniga",1,0,1
play,9,0,alonp001,22,.SBS.BX,D7/L7LD
play,9,0,voged001,00,,NP
sub,almoa001,"Abraham Almonte",0,5,11
play,9,0,almoa001,32,.BCF.BFBFC,K
play,9,0,alvaf001,02,FCC,K
play,9,0,stewd002,12,FBFFFX,S7/F7S.2-H
play,9,0,mendd002,20,BBX,4/P34D
play,9,1,mottt001,00,.X,9/F9S
play,9,1,contw001,00,,NP
sub,fermj001,"Jose Fermin",1,4,11
play,9,1,fermj001,22,.CBSB.X,S9/F9LS
play,9,1,oneit001,32,BCCBBX,D7/L7LD.1-3
play,9,1,burla001,02,CFFS,K
play,9,1,kniza001,01,FX,5/P5SF/FL
data,er,nittv001,1
data,er,sengk001,1
data,er,mikom001,7
data,er,suara002,3
data,er,zunig001,1
id,SLN202308300
version,2
info,visteam,SDN
info,hometeam,SLN
info,site,STL10
info,date,2023/08/30
info,number,0
info,gametype,regular
info,starttime,1:15PM
info,daynight,day
info,innings,9
info,tiebreaker,2
info,usedh,true
info,umphome,lives901
info,ump1b,belld901
info,ump2b,cuzzp901
info,ump3b,rippm901
info,umplf,(none)
info,umprf,(none)
info,inputtime,2023/09/22 09:02:16
info,howscored,unknown
info,pitches,pitches
info,oscorer,webbj701
info,temp,79
info,winddir,fromcf
info,windspeed,12
info,fieldcond,unknown
info,precip,none
info,sky,cloudy
info,timeofgame,158
info,attendance,32583
info,wp,palla001
info,lp,hadej001
info,save,
start,kim-h002,"Ha-Seong Kim",0,1,4
start,sotoj001,"Juan Soto",0,2,7
start,machm001,"Manny Machado",0,3,5
start,tatif002,"Fernando Tatis Jr.",0,4,9
start,bogax001,"Xander Bogaerts",0,5,6
start,coopg002,"Garrett Cooper",0,6,3
start,carpm002,"Matt Carpenter",0,7,10
start,campl002,"Luis Campusano",0,8,2
start,grist001,"Trent Grisham",0,9,8
start,hillr001,"Rich Hill",0,0,1
start,edmat001,"Tommy Edman",1,1,8
start,goldp001,"Paul Goldschmidt",1,2,3
start,contw001,"Willson Contreras",1,3,10
start,arenn001,"Nolan Arenado",1,4,5
start,walkj003,"Jordan Walker",1,5,9
start,kniza001,"Andrew Knizner",1,6,2
start,mottt001,"Taylor Motter",1,7,4
start,palar002,"Richie Palacios",1,8,7
start,winnm001,"Masyn Winn",1,9,6
start,mikom001,"Miles Mikolas",1,0,1
play,1,0,kim-h002,01,SX,S8/L8
play,1,0,sotoj001,00,X,13/SH/BG25.1-2
play,1,0,machm001,12,C*BFX,S8/G4M+.2-H
play,1,0,tatif002,32,S*BFBBB,W.1-2
play,1,0,bogax001,22,BCF*BFFX,5(2)3/GDP/G5+
play,1,1,edmat001,32,VBCS.BFB,W
play,1,1,goldp001,12,CF*BF1,SB2
play,1,1,goldp001,12,CF*BF1.S,K
play,1,1,contw001,10,B>C,SB3
play,1,1,contw001,32,B>C.BBFX,8/F8
play,1,1,arenn001,10,BX,7/F7D
play,2,0,coopg002,22,BFBCFT,K
play,2,0,carpm002,32,CBCBBB,W
play,2,0,campl002,01,CX,S5/G5.1-2
play,2,0,grist001,32,CCBBBX,7/F7LD
play,2,0,kim-h002,00,X,S7/L7.2-H;1-2
play,2,0,sotoj001,01,FX,S9/G4+.2-H;1-3
play,2,0,machm001,32,FC*BBFFB>X,4/P34
play,2,1,walkj003,01,FX,S7/L78D+
play,2,1,kniza001,00,X,54(1)3/GDP/G56
play,2,1,mottt001,22,CFBFFBFX,6/L56+
play,3,0,tatif002,00,X,S7/G6
play,3,0,bogax001,11,CB>X,6/P4
play,3,0,coopg002,00,1,POCS2(134)
play,3,0,coopg002,00,1.X,63/G6
play,3,1,palar002,21,BCBX,S4/L34D
play,3,1,winnm001,01,FX,54(1)/FO/G56.B-1
com,"$Cardinals challenged (force play), call on the field was upheld."
play,3,1,edmat001,00,X,9/F3D
play,3,1,goldp001,01,CX,8/F8XD+
play,4,0,carpm002,01,CX,8/F89
play,4,0,campl002,22,BBCFX,63/G6
play,4,0,grist001,22,TCBBFX,1/P15-
play,4,1,contw001,01,SX,D7/L7L
play,4,1,arenn001,01,C2X,S46/G6M.2-3
play,4,1,walkj003,11,BFX,HR/F7D.3-H;1-H
play,4,1,kniza001,22,CSBBS,K
play,4,1,mottt001,00,X,3/P3SF/FL
play,4,1,palar002,00,X,8/F78D
play,5,0,kim-h002,02,CC.FFX,7/F7L
play,5,0,sotoj001,11,BCX,8/F78D
play,5,0,machm001,00,X,9/F9LD
play,5,1,winnm001,00,,NP
sub,garcl005,"Luis Garcia",0,0,1
play,5,1,winnm001,02,.CCX,43/G4+
play,5,1,edmat001,10,BX,43/G4
play,5,1,goldp001,12,CCBFX,43/G4+
play,6,0,tatif002,22,BBFF.FS,K
play,6,0,bogax001,22,BCBFX,D7/G56+
play,6,0,coopg002,02,FFFFX,53/G56
play,6,0,carpm002,12,BCFX,5/P5
play,6,1,contw001,01,TX,53/G5-
play,6,1,arenn001,21,BBFX,53/G5
play,6,1,walkj003,32,CS.BBFBX,D7/G56
play,6,1,kniza001,12,BFFFS,K
play,7,0,campl002,00,,NP
sub,kingj002,"John King",1,0,1
play,7,0,campl002,00,.X,S9/G4
play,7,0,grist001,00,,NP
sub,gameb001,"Ben Gamel",0,8,12
play,7,0,grist001,00,.X,13/SH/BG2-.1-2
play,7,0,kim-h002,21,BBCX,53/G5
play,7,0,sotoj001,12,C*BSX,S8/G6M+.2-H
play,7,0,machm001,00,,NP
sub,verhd001,"Drew VerHagen",1,0,1
play,7,0,machm001,11,.BCX,1/P1
play,7,1,mottt001,00,,NP
sub,sancg002,"Gary Sanchez",0,8,2
play,7,1,mottt001,00,.,NP
sub,cosgt001,"Tom Cosgrove",0,0,1
play,7,1,mottt001,22,..CBBSH,HP
play,7,1,palar002,31,BBBCX,S8/L78D.1-2
play,7,1,winnm001,02,LFS,K
play,7,1,edmat001,00,,NP
sub,barls001,"Scott Barlow",0,0,1
play,7,1,edmat001,22,.C.2FBBX,46(1)/FO/G4.2-3;B-1
play,7,1,goldp001,00,>B,SB2
play,7,1,goldp001,12,>B.CCX,8/F8D
play,8,0,tatif002,00,X,9/L89D
play,8,0,bogax001,12,CSBX,S8/L8
play,8,0,coopg002,00,X,54(1)3/GDP/G56
play,8,1,contw001,12,CSVS,K
play,8,1,arenn001,32,BBFBS.FFX,13/G1S-
play,8,1,walkj003,00,X,S7/L7
play,8,1,kniza001,12,1S*BSS,K
play,9,0,carpm002,00,,NP
sub,palla001,"Andre Pallante",1,0,1
play,9,0,carpm002,22,.BCBFX,3/G3+
play,9,0,sancg002,22,.BBCTX,S9/G3
play,9,0,grist001,22,BCBSX,6(1)3/GDP/G6M
play,9,1,mottt001,00,,NP
sub,hadej001,"Josh Hader",0,0,1
play,9,1,mottt001,32,.BCFBBC,K
play,9,1,palar002,00,,NP
sub,bakel001,"Luken Baker",1,8,11
play,9,1,bakel001,32,.CBCBBX,8/F8S
play,9,1,winnm001,02,FSX,D7/L7LD
play,9,1,edmat001,11,CBX,HR/F9D.2-H
data,er,barls001,0
data,er,hadej001,2
data,er,hillr001,3
data,er,cosgt001,0
data,er,garcl005,0
data,er,mikom001,3
data,er,kingj002,1
data,er,palla001,0
data,er,verhd001,0
id,SLN202309160
version,2
info,visteam,PHI
info,hometeam,SLN
info,site,STL10
info,date,2023/09/16
info,number,0
info,gametype,regular
info,starttime,6:15PM
info,daynight,night
info,innings,9
info,tiebreaker,2
info,usedh,true
info,umphome,knigb901
info,ump1b,merzd901
info,ump2b,blasc901
info,ump3b,tosia901
info,umplf,(none)
info,umprf,(none)
info,inputtime,2023/10/03 06:10:32
info,howscored,unknown
info,pitches,pitches
info,oscorer,millm701
info,temp,75
info,winddir,torf
info,windspeed,3
info,fieldcond,unknown
info,precip,none
info,sky,cloudy
info,timeofgame,162
info,attendance,42817
info,wp,suarr001
info,lp,mikom001
info,save,
start,schwk001,"Kyle Schwarber",0,1,10
start,turnt001,"Trea Turner",0,2,6
start,harpb003,"Bryce Harper",0,3,3
start,bohma001,"Alec Bohm",0,4,5
start,stotb001,"Bryson Stott",0,5,4
start,realj001,"J.T. Realmuto",0,6,2
start,castn001,"Nick Castellanos",0,7,9
start,marsb002,"Brandon Marsh",0,8,7
start,rojaj003,"Johan Rojas",0,9,8
start,suarr001,"Ranger Suarez",0,0,1
start,edmat001,"Tommy Edman",1,1,8
start,goldp001,"Paul Goldschmidt",1,2,3
start,oneit001,"Tyler O'Neill",1,3,7
start,arenn001,"Nolan Arenado",1,4,5
start,contw001,"Willson Contreras",1,5,2
start,bakel001,"Luken Baker",1,6,10
start,walkj003,"Jordan Walker",1,7,9
start,querj001,"Juniel Querecuto",1,8,4
start,winnm001,"Masyn Winn",1,9,6
start,mikom001,"Miles Mikolas",1,0,1
play,1,0,schwk001,12,CCBFFX,3/G3
play,1,0,turnt001,22,CBSBX,D7/G5
play,1,0,harpb003,22,FF*BBFS,K
play,1,0,bohma001,11,CBX,S7/L7+.2-H;BX1(753)
play,1,1,edmat001,01,CX,8/F8XD
play,1,1,goldp001,22,CBSBS,K
play,1,1,oneit001,10,BX,63/G15-
play,2,0,stotb001,11,CBX,S7/L7S
play,2,0,realj001,11,CBX,9/F9D+
play,2,0,castn001,02,F>F1>B,SB2
play,2,0,castn001,22,F>F1>B.BX,S6/G56.2-3
play,2,0,marsb002,22,BFCBFX,8/SF/L8XD+.3-H
play,2,0,rojaj003,02,CFX,46(1)/FO/G4+.B-1
play,2,1,arenn001,02,CFX,7/L78
play,2,1,contw001,32,BBCFFB.FB,W
play,2,1,bakel001,02,CCX,S7/G6+.1-2
play,2,1,walkj003,21,*SBBX,8/F8
play,2,1,querj001,12,SS.*BF*S,K
play,3,0,schwk001,00,X,8/F89D
play,3,0,turnt001,11,BCX,7/F78D
play,3,0,harpb003,01,.CX,9/L89XD+
play,3,1,winnm001,31,BBCBX,S8/L8D+
play,3,1,edmat001,10,BX,3/P3F/FL
play,3,1,goldp001,31,BFB*BX,D7/F78XD+.1-H
play,3,1,oneit001,32,*BBF*SFBB,W
play,3,1,arenn001,00,X,5(2)/FO/G5.1-2;B-1
play,3,1,contw001,32,BSTBB>F>B,W.2-3;1-2
play,3,1,bakel001,22,SBC*B*S,K
play,4,0,bohma001,22,FFBFBFX,53/G56
play,4,0,stotb001,12,BCFFX,6/P6M
play,4,0,realj001,12,BCFX,9/F9L
play,4,1,walkj003,11,CBX,S7/L7+
play,4,1,querj001,01,CX,9/L9D
play,4,1,winnm001,11,BFX,9/F9
play,4,1,edmat001,31,BBC*BX,5/L56+
play,5,0,castn001,22,.FBBFX,53/G5
play,5,0,marsb002,02,CCX,S9/G34
play,5,0,rojaj003,00,X,S9/G34.1-3
play,5,0,schwk001,01,C>B,SB2
play,5,0,schwk001,22,C>B.FFBX,HR/L9LD.3-H;2-H
play,5,0,turnt001,11,CBX,4/P34D
play,5,0,harpb003,00,X,7/F7D+
play,5,1,goldp001,22,BFCBX,43/G4
play,5,1,oneit001,02,FCX,13/G13
play,5,1,arenn001,02,FFC,K
play,6,0,bohma001,21,BFBX,S9/G34+
play,6,0,stotb001,02,CSX,46(1)/FO/G4.B-1
play,6,0,realj001,02,F1FT,K
play,6,0,castn001,01,F>X,8/F89D
play,6,1,contw001,31,FBBBB,W
play,6,1,bakel001,22,CBSBFX,8/F89XD+
play,6,1,walkj003,10,BX,3/P2F/FL
play,6,1,querj001,22,TS*BBC,K
play,7,0,marsb002,00,,NP
sub,palla001,"Andre Pallante",1,0,1
play,7,0,marsb002,20,.BBX,S7/G6+
play,7,0,rojaj003,00,X,13/SH/BG1S-.1-2
play,7,0,schwk001,12,BCFC,K
play,7,0,turnt001,00,X,43/G4+
play,7,1,winnm001,00,,NP
sub,hoffj003,"Jeff Hoffman",0,0,1
play,7,1,winnm001,31,.BSBBB,W
play,7,1,edmat001,02,CS.C,K
play,7,1,goldp001,32,CFBBFFFBFFS,K
play,7,1,oneit001,10,BX,13/G13
play,8,0,harpb003,21,BBCX,31/G3S
play,8,0,bohma001,11,BSX,43/G4M
play,8,0,stotb001,11,.CBX,43/G4
play,8,1,arenn001,00,,NP
sub,marty001,"Yunior Marte",0,0,1
play,8,1,arenn001,00,.X,53/G5
play,8,1,contw001,22,BCCBX,D7/L7LD
play,8,1,bakel001,00,,NP
sub,burla001,"Alec Burleson",1,6,11
play,8,1,burla001,31,.BBBCB,W
play,8,1,walkj003,12,TFBC,K
play,8,1,querj001,00,,NP
sub,sotog003,"Gregory Soto",0,0,1
play,8,1,querj001,11,.BSX,43/G4
play,9,0,realj001,00,.,NP
sub,barnj002,"Jacob Barnes",1,0,1
play,9,0,realj001,12,..BFFX,9/F9LSF/FL
play,9,0,castn001,22,SBCBX,S8/G4+
play,9,0,marsb002,02,SCX,8/F8
play,9,0,rojaj003,11,BF>B,SB2
play,9,0,rojaj003,21,BF>B.X,D7/G5.2-H
play,9,0,schwk001,32,BCFF.BBFFFC,K
play,9,1,winnm001,00,,NP
sub,coved001,"Dylan Covey",0,0,1
play,9,1,winnm001,00,.X,S9/L9
play,9,1,edmat001,21,C*BBX,64(1)/FO/G6M.B-1
play,9,1,goldp001,32,SBS*BBFFB,W.1-2
play,9,1,oneit001,00,X,8/L8D
play,9,1,arenn001,31,SBBB*B,W.2-3;1-2
play,9,1,contw001,01,CX,63/G6
data,er,marty001,0
data,er,coved001,0
data,er,sotog003,0
data,er,hoffj003,0
data,er,suarr001,1
data,er,mikom001,5
data,er,palla001,0
data,er,barnj002,1
id,SLN202309210
version,2
info,visteam,MIL
info,hometeam,SLN
info,site,STL10
info,date,2023/09/21
info,number,0
info,gametype,regular
info,starttime,12:15PM
info,daynight,day
info,innings,9
info,tiebreaker,2
info,usedh,true
info,umphome,vondc901
info,ump1b,mahrn901
info,ump2b,carav901
info,ump3b,hamaa901
info,umplf,(none)
info,umprf,(none)
info,inputtime,2023/09/24 09:04:00
info,howscored,unknown
info,pitches,pitches
info,oscorer,webbj701
info,temp,77
info,winddir,fromrf
info,windspeed,7
info,fieldcond,unknown
info,precip,none
info,sky,cloudy
info,timeofgame,138
info,attendance,37105
info,wp,milew001
info,lp,mikom001
info,save,
start,frels001,"Sal Frelick",0,1,9
start,contw002,"William Contreras",0,2,10
start,canhm001,"Mark Canha",0,3,7
start,adamw002,"Willy Adames",0,4,6
start,tellr001,"Rowdy Tellez",0,5,3
start,monaa001,"Andruw Monasterio",0,6,5
start,carav001,"Victor Caratini",0,7,2
start,turab002,"Brice Turang",0,8,4
start,perkb002,"Blake Perkins",0,9,8
start,milew001,"Wade Miley",0,0,1
start,edmat001,"Tommy Edman",1,1,4
start,nootl001,"Lars Nootbaar",1,2,8
start,goldp001,"Paul Goldschmidt",1,3,3
start,arenn001,"Nolan Arenado",1,4,10
start,yepej001,"Juan Yepez",1,5,7
start,walkj003,"Jordan Walker",1,6,9
start,kniza001,"Andrew Knizner",1,7,2
start,fermj001,"Jose Fermin",1,8,5
start,winnm001,"Masyn Winn",1,9,6
start,mikom001,"Miles Mikolas",1,0,1
play,1,0,frels001,11,CBX,S7/L7
play,1,0,contw002,32,CBFFBB>X,4(1)3/GDP/G6M
play,1,0,canhm001,22,CBS.BX,D7/L7L
play,1,0,adamw002,32,SFB*BBB,W
play,1,0,tellr001,12,CBFX,43/G34
play,1,1,edmat001,11,BSX,53/G56S
play,1,1,nootl001,22,CBBSFS,K
play,1,1,goldp001,01,SX,D7/L78XD+
play,1,1,arenn001,01,CX,63/G56
play,2,0,monaa001,32,BBSBCFC,K
play,2,0,carav001,00,X,53/G6
play,2,0,turab002,01,CX,63/G6
play,2,1,yepej001,11,.FBX,53/G56S
play,2,1,walkj003,30,BBBB,W
play,2,1,kniza001,32,B1CFFB*BS,K
play,2,1,fermj001,00,1X,S7/L7.1-3
play,2,1,winnm001,12,1BCFS,K
play,3,0,perkb002,22,CSBBFFX,HR/F9D
play,3,0,frels001,11,CBX,53/G56
play,3,0,contw002,21,BBCX,D7/L78XD+
play,3,0,canhm001,12,BCFX,53/G6S
play,3,0,adamw002,12,CSBS,K
play,3,1,edmat001,12,CBF.FX,63/G6
play,3,1,nootl001,00,X,31/G3
play,3,1,goldp001,32,CBBFBS,K
play,4,0,tellr001,01,CX,43/G4D
play,4,0,monaa001,12,SFBX,8/F89D
play,4,0,carav001,01,CX,8/F8D
play,4,1,arenn001,12,FBFC,K
play,4,1,yepej001,01,CX,4/P6M
play,4,1,walkj003,31,BCBBB,W
play,4,1,kniza001,01,CX,9/F89D
play,5,0,turab002,12,CBCX,E9/L89XD.B-3(E9/TH)
play,5,0,perkb002,12,BCFS,K
play,5,0,frels001,12,FFBFX,S7/G56.3-H(UR)
play,5,0,contw002,12,CFF*BFS,K
play,5,0,canhm001,00,X,54(1)/FO/G6.B-1
play,5,1,fermj001,12,CBFX,63/G6M
play,5,1,winnm001,12,CS.BX,9/F9LS
play,5,1,edmat001,32,BBFF.BX,43/G4
play,6,0,adamw002,00,X,D7/F7LS
play,6,0,tellr001,02,CSX,S7/G6.2-3
play,6,0,monaa001,10,BX,S7/F7LS.3-H;1-2
play,6,0,carav001,32,C.BBF*BX,HR/F9D.2-H;1-H
play,6,0,turab002,00,,NP
sub,libem001,"Matthew Liberatore",1,0,1
play,6,0,turab002,11,.BFX,3/G3
play,6,0,perkb002,11,CBX,9/F89
play,6,0,frels001,11,CBX,53/G6S
play,6,1,nootl001,32,CBBBFFT,K
play,6,1,goldp001,22,BCBFFX,S9/L9LS
play,6,1,arenn001,11,FBX,54(1)/FO/L56.B-1
com,"$Cardinals challenged (play at 1st), call on the field was overturned."
play,6,1,yepej001,12,BFFF.S,K
play,7,0,contw002,00,,NP
sub,suara002,"Andrew Suarez",1,0,1
play,7,0,contw002,31,.BBBCB,W
play,7,0,canhm001,01,CX,54(1)/FO/G56.B-1
play,7,0,adamw002,12,BSFS,K
play,7,0,tellr001,01,CB,WP.1-2
play,7,0,tellr001,11,CB.X,3/G34
play,7,1,walkj003,00,,NP
sub,bukaj001,"J.B. Bukauskas",0,0,1
play,7,1,walkj003,00,.X,13/G1
play,7,1,kniza001,01,CX,S8/G6M+
play,7,1,fermj001,01,CX,S8/G4M+.1-2
play,7,1,winnm001,12,CBCS,K
play,7,1,edmat001,12,*BCF.T,K
play,8,0,monaa001,00,,NP
sub,bakel001,"Luken Baker",1,3,3
play,8,0,monaa001,21,.CBBX,7/F7D
play,8,0,carav001,10,BX,S9/F9LS
play,8,0,turab002,01,CX,46(1)3/GDP/G34
play,8,1,nootl001,00,,NP
sub,tehej001,"Julio Teheran",0,0,1
play,8,1,nootl001,22,.CBSBFFX,8/L8XD
play,8,1,bakel001,32,BCFBFFBX,63/G6+
play,8,1,arenn001,00,,NP
sub,palar002,"Richie Palacios",1,4,11
play,8,1,palar002,32,.BBBCCX,6/P4MD
play,9,0,perkb002,32,.BCCBBFX,63/G6
play,9,0,frels001,02,FCX,3/G3
play,9,0,contw002,32,BS.BCBFS,K
play,9,1,yepej001,02,CFX,8/L8
play,9,1,walkj003,00,X,S8/L8
play,9,1,kniza001,00,X,64(1)3/GDP/G6+
data,er,bukaj001,0
data,er,milew001,0
data,er,tehej001,0
data,er,mikom001,5
data,er,suara002,0
data,er,libem001,0
