id,SEA202303300
version,2
info,visteam,CLE
info,hometeam,SEA
info,site,SEA03
info,date,2023/03/30
info,number,0
info,gametype,regular
info,starttime,7:10PM
info,daynight,night
info,innings,9
info,tiebreaker,2
info,usedh,true
info,umphome,carlm901
info,ump1b,bakej902
info,ump2b,gibsh902
info,ump3b,millb903
info,umplf,(none)
info,umprf,(none)
info,inputtime,2023/08/16 09:03:31
info,howscored,unknown
info,pitches,pitches
info,oscorer,padud701
info,temp,54
info,winddir,tolf
info,windspeed,11
info,fieldcond,unknown
info,precip,none
info,sky,cloudy
info,timeofgame,134
info,attendance,45268
info,wp,sewap001
info,lp,karij001
info,save,munoa002
start,kwans001,"Steven Kwan",0,1,7
start,rosaa003,"Amed Rosario",0,2,6
start,ramij003,"Jose Ramirez",0,3,5
start,bellj005,"Josh Bell",0,4,10
start,naylj001,"Josh Naylor",0,5,3
start,gimea001,"Andres Gimenez",0,6,4
start,brenw002,"Will Brennan",0,7,9
start,zunim001,"Mike Zunino",0,8,2
start,stram002,"Myles Straw",0,9,8
start,biebs001,"Shane Bieber",0,0,1
start,rodrj007,"Julio Rodriguez",1,1,8
start,wongk001,"Kolten Wong",1,2,4
start,frant002,"Ty France",1,3,3
start,hernt002,"Teoscar Hernandez",1,4,9
start,ralec001,"Cal Raleigh",1,5,2
start,suare001,"Eugenio Suarez",1,6,5
start,kelej001,"Jarred Kelenic",1,7,7
start,lastt001,"Tommy La Stella",1,8,10
start,crawj002,"J.P. Crawford",1,9,6
start,castl003,"Luis Castillo",1,0,1
play,1,0,kwans001,32,BBBCCX,5/P5F/FL
play,1,0,rosaa003,02,FSS,K
play,1,0,ramij003,02,CCX,3/G3-
play,1,1,rodrj007,32,BFSBBS,K
play,1,1,wongk001,22,BBCFX,8/F89XD
play,1,1,frant002,01,CX,S7/L7
play,1,1,hernt002,32,SBBSFB>S,K
play,2,0,bellj005,32,CBFBFBX,63/G6MD
play,2,0,naylj001,02,FCFX,8/F8XD
play,2,0,gimea001,12,SBSX,5/P5F/FL
play,2,1,ralec001,01,CX,7/F7L
play,2,1,suare001,01,CX,D7/F78XD
play,2,1,kelej001,22,CBBFB,WP.2-3
play,2,1,kelej001,32,CBBFB..C,K
play,2,1,lastt001,01,CX,7/L7L
play,3,0,brenw002,01,CX,S16/L13
play,3,0,zunim001,22,BBSFS,K
play,3,0,stram002,02,FFS,K
play,3,0,kwans001,12,CFF1B.S,K
play,3,1,crawj002,00,X,S8/L89
play,3,1,rodrj007,11,BFX,8/F89XD
play,3,1,wongk001,11,1FBX,43/G34.1-2
play,3,1,frant002,22,CB*BFB,WP.2-3
play,3,1,frant002,32,CB*BFB.X,13/G1S
play,4,0,rosaa003,01,CX,63/G6-
play,4,0,ramij003,32,CC.BFBFFFBX,9/L89D+
play,4,0,bellj005,00,X,43/G34
play,4,1,hernt002,11,BCX,53/G56S
play,4,1,ralec001,11,SBX,S15/G1S
play,4,1,suare001,01,FX,54(1)3/GDP/G56
play,5,0,naylj001,02,SFX,9/L89D
play,5,0,gimea001,12,CSBS,K
play,5,0,brenw002,00,X,63/G6M
play,5,1,kelej001,12,CBFX,S49/G34
play,5,1,lastt001,01,C>B,SB2
play,5,1,lastt001,12,C>B.CX,31/G3.2-3
play,5,1,crawj002,32,CBBBS.X,3/G3
play,5,1,rodrj007,10,BX,9/L89D
play,6,0,zunim001,22,BFCBS,K
play,6,0,stram002,02,CFX,2/P23F/FL
play,6,0,kwans001,12,BCSFX,8/F8
play,6,1,wongk001,32,CBSFBBFX,3/L3D+
play,6,1,frant002,11,SBX,D8/L89XD+
play,6,1,hernt002,12,F*S*BX,43/G4.2-3
play,6,1,ralec001,11,BCX,7/F7S
play,7,0,rosaa003,00,,NP
id,SEA202304040
version,2
info,visteam,ANA
info,hometeam,SEA
info,site,SEA03
info,date,2023/04/04
info,number,0
info,gametype,regular
info,starttime,6:40PM
info,daynight,night
info,innings,9
info,tiebreaker,2
info,usedh,true
info,umphome,onorb901
info,ump1b,hobep901
info,ump2b,cejan901
info,ump3b,ramoc901
info,umplf,(none)
info,umprf,(none)
info,inputtime,2023/05/20 17:38:49
info,howscored,unknown
info,pitches,pitches
info,oscorer,radoe701
info,temp,50
info,winddir,torf
info,windspeed,2
info,fieldcond,unknown
info,precip,none
info,sky,cloudy
info,timeofgame,151
info,attendance,19255
info,wp,castl003
info,lp,suarj001
info,save,
start,wardt002,"Taylor Ward",0,1,7
start,troum001,"Mike Trout",0,2,8
start,ohtas001,"Shohei Ohtani",0,3,10
start,renfh001,"Hunter Renfroe",0,4,9
start,lambj001,"Jake Lamb",0,5,3
start,drurb001,"Brandon Drury",0,6,4
start,rengl001,"Luis Rengifo",0,7,5
start,thaim001,"Matt Thaiss",0,8,2
start,fletd002,"David Fletcher",0,9,6
start,suarj001,"Jose Suarez",0,0,1
start,rodrj007,"Julio Rodriguez",1,1,8
start,frant002,"Ty France",1,2,3
start,hernt002,"Teoscar Hernandez",1,3,9
start,suare001,"Eugenio Suarez",1,4,5
start,ralec001,"Cal Raleigh",1,5,2
start,polla001,"AJ Pollock",1,6,7
start,haggs001,"Sam Haggerty",1,7,4
start,murpt002,"Tom Murphy",1,8,10
start,crawj002,"J.P. Crawford",1,9,6
start,castl003,"Luis Castillo",1,0,1
play,1,0,wardt002,11,CBX,D7/L7LD+
play,1,0,troum001,02,SFS,K
play,1,0,ohtas001,21,FBBX,43/G4.2-3
play,1,0,renfh001,32,BFFBFBX,5/P56S
play,1,1,rodrj007,22,CBBFFX,D7/L7LD+
play,1,1,frant002,10,BX,7/F78
play,1,1,hernt002,22,2SSFBFBFS,K
play,1,1,suare001,02,CSX,E5/TH/G5.2-3;B-1
play,1,1,ralec001,22,BSFBB,WP.3-H(NR)(UR);1-2
play,1,1,ralec001,32,BSFBB.S,K
play,2,0,lambj001,02,CTX,63/G4M
play,2,0,drurb001,32,SCBBBS,K
play,2,0,rengl001,22,CBTBX,9/F89XD
play,2,1,polla001,01,FX,3/G34
play,2,1,haggs001,00,X,1/L4MS-
play,2,1,murpt002,12,BSF*S,K
play,3,0,thaim001,12,CBFS,K
play,3,0,fletd002,21,CBBX,9/F9S
play,3,0,wardt002,32,FFBBFBFB,W
play,3,0,troum001,32,*BCBSFB>S,K
play,3,1,crawj002,02,CCFX,43/G4
play,3,1,rodrj007,12,FBFS,K
play,3,1,frant002,01,CF,FLE3
play,3,1,frant002,02,CF.X,63/G6M
play,4,0,ohtas001,00,X,53/G56
play,4,0,renfh001,31,BBSBX,13/G1
play,4,0,lambj001,12,FBSX,63/G6M
play,4,1,hernt002,01,SX,HR/F8XD
play,4,1,suare001,01,CX,S8/L8D+
play,4,1,ralec001,12,CCFBFX,D7/L7LD+.1-3
play,4,1,polla001,02,CFX,53/G56S.3-H
play,4,1,haggs001,20,B*BX,53/G5
play,4,1,murpt002,00,X,7/F7LDF+/FL
play,5,0,drurb001,11,SBX,D7/L78XD+
play,5,0,rengl001,32,*BSCBFBFX,8/F8XD.2-3
play,5,0,thaim001,22,CSBBS,K
play,5,0,fletd002,11,BCX,63/G6
play,5,1,crawj002,00,X,6/P6
play,5,1,rodrj007,00,X,D9/L89XD+
play,5,1,frant002,22,B2BFFFFFX,S6/G6.2-2
play,5,1,hernt002,01,FX,HR/F78XD.2-H;1-H
play,5,1,suare001,31,CBBBX,S7/G56
play,5,1,ralec001,00,,NP
sub,barrj003,"Jaime Barria",0,0,1
play,5,1,ralec001,32,.STBBBC,K
play,5,1,polla001,21,FBBX,HR/L7D.1-H
play,5,1,haggs001,01,CX,S7/F7LS.BX2(764)
play,6,0,wardt002,22,BBCFS,K
play,6,0,troum001,21,FBBX,53/G56
play,6,0,ohtas001,32,SCBBFBB,W
play,6,0,renfh001,00,,NP
id,SEA202304160
version,2
info,visteam,COL
info,hometeam,SEA
info,site,SEA03
info,date,2023/04/16
info,number,0
info,gametype,regular
info,starttime,1:10PM
info,daynight,day
info,innings,9
info,tiebreaker,2
info,usedh,true
info,umphome,ballb901
info,ump1b,laynj901
info,ump2b,mahrn901
info,ump3b,hamaa901
info,umplf,(none)
info,umprf,(none)
info,inputtime,2023/07/04 09:04:42
info,howscored,unknown
info,pitches,pitches
info,oscorer,peted701
info,temp,48
info,winddir,unknown
info,windspeed,0
info,fieldcond,unknown
info,precip,none
info,sky,dome
info,timeofgame,139
info,attendance,23585
info,wp,castl003
info,lp,lamed001
info,save,sewap001
start,profj001,"Jurickson Profar",0,1,7
start,bryak001,"Kris Bryant",0,2,10
start,blacc001,"Charlie Blackmon",0,3,9
start,cronc002,"C.J. Cron",0,4,3
start,mcmar001,"Ryan McMahon",0,5,4
start,monte001,"Elehuris Montero",0,6,5
start,casth001,"Harold Castro",0,7,8
start,treja001,"Alan Trejo",0,8,6
start,servb001,"Brian Serven",0,9,2
start,davin001,"Noah Davis",0,0,1
start,rodrj007,"Julio Rodriguez",1,1,8
start,frant002,"Ty France",1,2,3
start,suare001,"Eugenio Suarez",1,3,5
start,ralec001,"Cal Raleigh",1,4,2
start,hernt002,"Teoscar Hernandez",1,5,10
start,kelej001,"Jarred Kelenic",1,6,9
start,polla001,"AJ Pollock",1,7,7
start,wongk001,"Kolten Wong",1,8,4
start,crawj002,"J.P. Crawford",1,9,6
start,castl003,"Luis Castillo",1,0,1
play,1,0,profj001,02,FTFFS,K
play,1,0,bryak001,10,BX,53/G56
play,1,0,blacc001,01,CX,9/F9LD+
play,1,1,rodrj007,22,BCBF.C,K
play,1,1,frant002,32,CBFBBFFX,63/G6
play,1,1,suare001,32,CBBFBC,K
play,2,0,cronc002,32,CFBBBS,K
play,2,0,mcmar001,12,BSFC,K
play,2,0,monte001,22,BBCST,K
play,2,1,ralec001,11,BFX,7/F7
play,2,1,hernt002,32,BCBCBFFFFX,43/G4M
play,2,1,kelej001,21,BFBX,9/L9D+
play,3,0,casth001,02,CFX,43/G4
play,3,0,treja001,02,CC.S,K
play,3,0,servb001,22,FBF.FBX,9/L9
play,3,1,polla001,02,SFC,K
play,3,1,wongk001,22,BBCFX,S8/L8
play,3,1,crawj002,11,BC1X,S8/G4M.1-3
play,3,1,rodrj007,12,CBSX,64(1)3/GDP/G6
play,4,0,profj001,11,CBX,9/L9D+
play,4,0,bryak001,22,BBCS.S,K
play,4,0,blacc001,12,BFC*S,K
play,4,1,frant002,32,BBCCBB,W
play,4,1,suare001,02,CCFFX,S9/G34.1-2
play,4,1,ralec001,22,2B*SBCFFT,K
play,4,1,hernt002,00,X,6(1)3/GDP/G6M
play,5,0,cronc002,02,SFX,63/G6
play,5,0,mcmar001,32,BCBF.FBFFX,63/G6
play,5,0,monte001,11,BSX,7/F7
play,5,1,kelej001,32,BBSFBB,W
play,5,1,polla001,22,CF>FF1B>FB>B,SB2.1-3(E2/TH)
play,5,1,polla001,32,CF>FF1B>FB>B.S,K
play,5,1,wongk001,02,CC.FX,3/P3F/FL
play,5,1,crawj002,30,BBBB,W
play,5,1,rodrj007,01,CX,3/P3F/FL
play,6,0,casth001,22,BBSSS,K
play,6,0,treja001,12,SS.BFFX,9/F9
play,6,0,servb001,01,CX,53/G56
play,6,1,frant002,00,,NP
sub,lamed001,"Dinelson Lamet",0,0,1
play,6,1,frant002,31,.BBBCB,W
play,6,1,suare001,12,SFBX,5/L5
play,6,1,ralec001,30,BBBB,W.1-2
play,6,1,hernt002,02,CTX,8/F89D
play,6,1,kelej001,00,,NP
sub,handb001,"Brad Hand",0,0,1
play,6,1,kelej001,31,.*B*BBFX,S9/G3.2-H;1-3
play,6,1,polla001,20,BBX,9/F89
play,7,0,profj001,22,BCBCX,S7/L78
play,7,0,bryak001,01,FX,S6/G15-.1-2
play,7,0,blacc001,12,FBCS,K
play,7,0,cronc002,00,X,31/G34.2-3;1-2
play,7,0,mcmar001,02,SC.X,6/L6D
play,7,1,wongk001,22,BCCBT,K
play,7,1,crawj002,12,CCBFFX,3/G3
play,7,1,rodrj007,00,,NP
sub,lawrj002,"Justin Lawrence",0,0,1
play,7,1,rodrj007,12,.CBCFS,K
play,8,0,monte001,00,,NP
id,SEA202304220
version,2
info,visteam,SLN
info,hometeam,SEA
info,site,SEA03
info,date,2023/04/22
info,number,0
info,gametype,regular
info,starttime,6:40PM
info,daynight,night
info,innings,9
info,tiebreaker,2
info,usedh,true
info,umphome,morag901
info,ump1b,iassd901
info,ump2b,becka901
info,ump3b,vondc901
info,umplf,(none)
info,umprf,(none)
info,inputtime,2023/07/13 09:01:16
info,howscored,unknown
info,pitches,pitches
info,oscorer,padud701
info,temp,59
info,winddir,fromlf
info,windspeed,6
info,fieldcond,unknown
info,precip,none
info,sky,cloudy
info,timeofgame,149
info,attendance,38732
info,wp,brasm001
info,lp,thomz002
info,save,sewap001
start,nootl001,"Lars Nootbaar",0,1,9
start,burla001,"Alec Burleson",0,2,10
start,goldp001,"Paul Goldschmidt",0,3,3
start,arenn001,"Nolan Arenado",0,4,5
start,contw001,"Willson Contreras",0,5,2
start,gormn001,"Nolan Gorman",0,6,4
start,oneit001,"Tyler O'Neill",0,7,7
start,carld002,"Dylan Carlson",0,8,8
start,edmat001,"Tommy Edman",0,9,6
start,mikom001,"Miles Mikolas",0,0,1
start,rodrj007,"Julio Rodriguez",1,1,8
start,frant002,"Ty France",1,2,3
start,suare001,"Eugenio Suarez",1,3,5
start,ralec001,"Cal Raleigh",1,4,2
start,hernt002,"Teoscar Hernandez",1,5,9
start,kelej001,"Jarred Kelenic",1,6,7
start,polla001,"AJ Pollock",1,7,10
start,wongk001,"Kolten Wong",1,8,4
start,crawj002,"J.P. Crawford",1,9,6
start,castl003,"Luis Castillo",1,0,1
play,1,0,nootl001,22,BCBS.X,S7/G5
play,1,0,burla001,00,X,S8/G4.1-3
play,1,0,goldp001,22,CBSBFX,4/P34D
play,1,0,arenn001,01,CX,S9/L89D.3-H;1-3
play,1,0,contw001,12,CCBS,K
play,1,0,gormn001,32,BFFFBB>B,W.1-2
play,1,0,oneit001,12,BCST,K
play,1,1,rodrj007,01,CX,63/G6
play,1,1,frant002,32,BBFFBB,W
play,1,1,suare001,01,CX,8/F8D+
play,1,1,ralec001,11,BSX,63/G6M
play,2,0,carld002,12,CBS.X,3/G34
play,2,0,edmat001,31,BBFBX,8/F8S
play,2,0,nootl001,12,SFBFFS,K
play,2,1,hernt002,22,BBCFFS,K
play,2,1,kelej001,00,X,HR/F7D
play,2,1,polla001,12,CF.BX,D8/L89XD
play,2,1,wongk001,12,CF*BFX,9/F9L
play,2,1,crawj002,32,BCBFBFFB,W
play,2,1,rodrj007,02,CSX,53/G56S
play,3,0,burla001,01,CX,S9/G34
play,3,0,goldp001,32,CBBBFFFX,4/P3D
play,3,0,arenn001,22,BCBTS,K
play,3,0,contw001,02,SSFX,D98/L89D+.1-H
play,3,0,gormn001,00,X,D9/L9LD+.2-H
play,3,0,oneit001,32,SBBSBX,9/F1S
play,3,1,frant002,21,CBBX,4/P4
play,3,1,suare001,22,CBFBC,K
play,3,1,ralec001,00,X,7/F7LS
play,4,0,carld002,12,CBFS,K
play,4,0,edmat001,01,CX,S9/G4
play,4,0,nootl001,21,1BBF>B,SB2
play,4,0,nootl001,31,1BBF>B.B,W
play,4,0,burla001,12,FS2BT,K
play,4,0,goldp001,00,X,9/F89XD+
play,4,1,hernt002,32,BFCBFBX,9/F9LS
play,4,1,kelej001,21,BCBX,D9/L89XD
play,4,1,polla001,02,FSC,K
play,4,1,wongk001,01,CX,53/G56S
play,5,0,arenn001,22,BSBFFC,K
play,5,0,contw001,00,X,9/F9D
play,5,0,gormn001,32,BCFBBFT,K
play,5,1,crawj002,21,CBBX,7/F7LD
play,5,1,rodrj007,02,CFF.X,53/G56
play,5,1,frant002,02,CC*S,K
play,6,0,oneit001,00,,NP
id,SEA202305050
version,2
info,visteam,HOU
info,hometeam,SEA
info,site,SEA03
info,date,2023/05/05
info,number,0
info,gametype,regular
info,starttime,7:10PM
info,daynight,night
info,innings,9
info,tiebreaker,2
info,usedh,true
info,umphome,lives901
info,ump1b,belld901
info,ump2b,cuzzp901
info,ump3b,rippm901
info,umplf,(none)
info,umprf,(none)
info,inputtime,2023/06/10 09:05:41
info,howscored,unknown
info,pitches,pitches
info,oscorer,radoe701
info,temp,51
info,winddir,unknown
info,windspeed,0
info,fieldcond,unknown
info,precip,none
info,sky,dome
info,timeofgame,143
info,attendance,32944
info,wp,abreb002
info,lp,brasm001
info,save,presr001
start,dubom001,"Mauricio Dubon",0,1,4
start,brega001,"Alex Bregman",0,2,5
start,alvay001,"Yordan Alvarez",0,3,10
start,abrej003,"Jose Abreu",0,4,3
start,tuckk001,"Kyle Tucker",0,5,9
start,penaj004,"Jeremy Pena",0,6,6
start,julkc001,"Corey Julks",0,7,7
start,meyej002,"Jake Meyers",0,8,8
start,maldm001,"Martin Maldonado",0,9,2
start,javic001,"Cristian Javier",0,0,1
start,rodrj007,"Julio Rodriguez",1,1,8
start,frant002,"Ty France",1,2,3
start,kelej001,"Jarred Kelenic",1,3,7
start,suare001,"Eugenio Suarez",1,4,5
start,ralec001,"Cal Raleigh",1,5,2
start,hernt002,"Teoscar Hernandez",1,6,9
start,crawj002,"J.P. Crawford",1,7,6
start,tramt001,"Taylor Trammell",1,8,10
start,wongk001,"Kolten Wong",1,9,4
start,castl003,"Luis Castillo",1,0,1
play,1,0,dubom001,10,BX,63/G6
play,1,0,brega001,02,CCFX,3/G34S-
play,1,0,alvay001,01,CX,8/F8D+
play,1,1,rodrj007,00,X,8/F89XD+
play,1,1,frant002,30,BBBB,W
play,1,1,kelej001,22,BCBFC,K
play,1,1,suare001,22,BBSSS,K
play,2,0,abrej003,12,BTT.FS,K
play,2,0,tuckk001,00,X,S9/L89S
play,2,0,penaj004,12,SBF>X,63/G6.1-2
play,2,0,julkc001,12,C*BFFX,43/G4
play,2,1,ralec001,22,CFBBS,K
play,2,1,hernt002,21,BCBX,3/P3S
play,2,1,crawj002,32,BFBBFC,K
play,3,0,meyej002,10,BX,D7/G5
play,3,0,maldm001,00,X,3/SH/BG23.2-3
play,3,0,dubom001,12,SFBS,K
play,3,0,brega001,32,CBSB*BB,W
play,3,0,alvay001,01,CX,HR/F8XD.3-H;1-H
play,3,0,abrej003,02,FCFFX,53/G56+
play,3,1,tramt001,32,CBCBFB.S,K
play,3,1,wongk001,22,BCFBX,63/G6M
play,3,1,rodrj007,00,X,43/G4MD+
play,4,0,tuckk001,32,BFSBBX,D9/L9L
play,4,0,penaj004,00,X,S46/G6M.2-3
play,4,0,julkc001,11,BCX,5/L5
play,4,0,meyej002,10,B>B,CS2(24).3-H(NR)
play,4,0,meyej002,32,B>B.CBCFS,K
play,4,1,frant002,10,BX,3/P3F/FL
play,4,1,kelej001,00,X,3/G3
play,4,1,suare001,12,BCCC,K
play,5,0,maldm001,12,SC.BS,K
play,5,0,dubom001,22,CBSBFFX,43/G4M
play,5,0,brega001,00,X,63/G6
play,5,1,ralec001,00,X,S9/G34+
play,5,1,hernt002,02,SFX,S9/L9S.1-2
play,5,1,crawj002,12,BSC.S,K
play,5,1,tramt001,11,FBB,WP.2-3
play,5,1,tramt001,31,FBB.VB,W.1-2
play,5,1,wongk001,12,CFBFX,D89/L89XD.3-H;2-H;1-H
play,5,1,rodrj007,10,BX,63/G6
play,5,1,frant002,11,FBX,9/F9D
play,6,0,alvay001,11,BCX,6/P6MD
play,6,0,abrej003,12,CBS.FX,53/G5
play,6,0,tuckk001,12,FBFX,9/F9D
play,6,1,kelej001,02,CCX,8/L8
play,6,1,suare001,11,CBX,9/F9D+
play,6,1,ralec001,22,FBCBX,6/P6D
play,7,0,penaj004,02,CFX,53/G56
play,7,0,julkc001,22,BSBFS,K
play,7,0,meyej002,12,BFF.X,2/P2F/FL
play,7,1,hernt002,22,BSBST,K
play,7,1,crawj002,11,CBX,6/F56D
play,7,1,tramt001,02,FC.X,9/F9LF/FL
play,8,0,maldm001,00,,NP
id,SEA202305100
version,2
info,visteam,TEX
info,hometeam,SEA
info,site,SEA03
info,date,2023/05/10
info,number,0
info,gametype,regular
info,starttime,12:40PM
info,daynight,day
info,innings,9
info,tiebreaker,2
info,usedh,true
info,umphome,whitc901
info,ump1b,riggj901
info,ump2b,drakr901
info,ump3b,millb901
info,umplf,(none)
info,umprf,(none)
info,inputtime,2023/07/12 09:02:25
info,howscored,unknown
info,pitches,pitches
info,oscorer,radoe701
info,temp,56
info,winddir,ltor
info,windspeed,3
info,fieldcond,unknown
info,precip,none
info,sky,sunny
info,timeofgame,153
info,attendance,22480
info,wp,dunnd001
info,lp,castl003
info,save,smitw002
start,semim001,"Marcus Semien",0,1,4
start,grosr001,"Robbie Grossman",0,2,7
start,lowen001,"Nathaniel Lowe",0,3,3
start,garca005,"Adolis Garcia",0,4,9
start,jungj001,"Josh Jung",0,5,5
start,heimj001,"Jonah Heim",0,6,2
start,durae002,"Ezequiel Duran",0,7,6
start,tavel001,"Leody Taveras",0,8,8
start,smitj007,"Josh H. Smith",0,9,10
start,dunnd001,"Dane Dunning",0,0,1
start,crawj002,"J.P. Crawford",1,1,6
start,frant002,"Ty France",1,2,3
start,kelej001,"Jarred Kelenic",1,3,7
start,suare001,"Eugenio Suarez",1,4,5
start,ralec001,"Cal Raleigh",1,5,2
start,rodrj007,"Julio Rodriguez",1,6,8
start,hernt002,"Teoscar Hernandez",1,7,9
start,polla001,"AJ Pollock",1,8,10
start,wongk001,"Kolten Wong",1,9,4
start,castl003,"Luis Castillo",1,0,1
play,1,0,semim001,02,CSS,K
play,1,0,grosr001,00,X,4/L4D
play,1,0,lowen001,12,BCFS,K
play,1,1,crawj002,32,CBF.BBB,W
play,1,1,frant002,11,BFX,S7/L7LD+.1-H(E7/TH)(NR);BX2(34)
play,1,1,kelej001,01,CX,43/G4
play,1,1,suare001,11,BCX,63/G56D
play,2,0,garca005,31,BCBBX,8/F89D
play,2,0,jungj001,01,SX,S7/G56
play,2,0,heimj001,22,BSBFX,8/L8D
play,2,0,durae002,12,FCBFH,HP.1-2
play,2,0,tavel001,12,FFBFX,S6/G6.2-3;1-2
play,2,0,smitj007,02,FCS,K
play,2,1,ralec001,02,SFX,S3/G34
play,2,1,rodrj007,01,CX,7/L7D+
play,2,1,hernt002,00,X,8/F8XD+
play,2,1,polla001,11,BCX,4/P34
play,3,0,semim001,32,CBSBBX,HR/F7D
play,3,0,grosr001,10,BX,S1/G2-
play,3,0,lowen001,32,BCBCF1FB>F>F>X,D8/F78XD.1-H
play,3,0,garca005,32,CB*SBFBS,K
play,3,0,jungj001,22,CBCBC,K
play,3,0,heimj001,00,X,D9/L9LD.2-H
play,3,0,durae002,32,SBBBSS,K
play,3,1,wongk001,22,BCCBC,K
play,3,1,crawj002,22,BBCFC,K
play,3,1,frant002,10,BX,9/F9
play,4,0,tavel001,00,X,9/F89S
play,4,0,smitj007,22,CFBBX,D7/F7LS
play,4,0,semim001,01,FX,4/P3D
play,4,0,grosr001,01,CX,8/L8D
play,4,1,kelej001,21,BS.BX,S9/L89
play,4,1,suare001,00,X,46(1)3/GDP/G4
play,4,1,ralec001,02,CFX,4/L34D
play,5,0,lowen001,22,FCFFBBS,K
play,5,0,garca005,00,X,S7/L7S
play,5,0,jungj001,12,CCFFBS,K
play,5,0,heimj001,12,TBS>S,K
play,5,1,rodrj007,00,X,S9/L9S
play,5,1,hernt002,12,C1BSS,K
play,5,1,polla001,12,SB1SS,K
play,5,1,wongk001,00,X,S7/F7L.1-3
play,5,1,crawj002,02,CCX,S9/L9LD+.3-H;1-3;B-2
play,5,1,frant002,21,BBCX,13/G1S-
play,6,0,durae002,00,,NP
id,SEA202305220
version,2
info,visteam,OAK
info,hometeam,SEA
info,site,SEA03
info,date,2023/05/22
info,number,0
info,gametype,regular
info,starttime,6:40PM
info,daynight,night
info,innings,9
info,tiebreaker,2
info,usedh,true
info,umphome,kulpr901
info,ump1b,torrc901
info,ump2b,viscj901
info,ump3b,blasc901
info,umplf,(none)
info,umprf,(none)
info,inputtime,2023/06/16 09:05:20
info,howscored,unknown
info,pitches,pitches
info,oscorer,padud701
info,temp,61
info,winddir,tolf
info,windspeed,6
info,fieldcond,unknown
info,precip,none
info,sky,cloudy
info,timeofgame,164
info,attendance,15418
info,wp,castl003
info,lp,mullk001
info,save,
start,ruize001,"Esteury Ruiz",0,1,8
start,nodar001,"Ryan Noda",0,2,3
start,rookb001,"Brent Rooker",0,3,10
start,brows003,"Seth Brown",0,4,9
start,bledj001,"JJ Bleday",0,5,7
start,petej002,"Jace Peterson",0,6,5
start,langs001,"Shea Langeliers",0,7,2
start,kempt001,"Tony Kemp",0,8,4
start,allen002,"Nick Allen",0,9,6
start,mullk001,"Kyle Muller",0,0,1
start,crawj002,"J.P. Crawford",1,1,6
start,frant002,"Ty France",1,2,3
start,rodrj007,"Julio Rodriguez",1,3,8
start,kelej001,"Jarred Kelenic",1,4,10
start,suare001,"Eugenio Suarez",1,5,5
start,ralec001,"Cal Raleigh",1,6,2
start,hernt002,"Teoscar Hernandez",1,7,9
start,polla001,"AJ Pollock",1,8,7
start,cabaj001,"Jose Caballero",1,9,4
start,castl003,"Luis Castillo",1,0,1
play,1,0,ruize001,00,X,4/F4D
play,1,0,nodar001,00,X,7/L7LS
play,1,0,rookb001,12,CBSS,K
play,1,1,crawj002,00,X,63/G6MD
play,1,1,frant002,10,BX,S7/L78D+
play,1,1,rodrj007,01,CX,54(1)/FO/G6.B-1
play,1,1,kelej001,20,BBX,HR/F8XD.1-H
play,1,1,suare001,32,CBSBBT,K
play,2,0,brows003,12,CC.BX,7/F7
play,2,0,bledj001,02,CSX,31/G3
play,2,0,petej002,02,CCC,K
play,2,1,ralec001,00,X,S7/G56
play,2,1,hernt002,22,CBF*BT,K
play,2,1,polla001,32,FSB*BBB,W.1-2
play,2,1,cabaj001,21,BBFX,HR/F78XD.2-H;1-H
play,2,1,crawj002,11,BFX,3/L3
play,2,1,frant002,32,FBBFBB,W
play,2,1,rodrj007,01,FX,S8/G6M.1-2
play,2,1,kelej001,12,BFCFS,K
play,3,0,langs001,32,CBS.BBX,D7/L7D+
play,3,0,kempt001,02,CSS,K
play,3,0,allen002,11,SBX,43/G4.2-3
play,3,0,ruize001,12,SBLX,31/G34
play,3,1,suare001,12,CFBFX,53/G56
play,3,1,ralec001,21,BBS.X,63/G6D
play,3,1,hernt002,00,X,63/G56
play,4,0,nodar001,32,BFBF.BFFX,63/G6M
play,4,0,rookb001,01,SX,8/F89XD+
play,4,0,brows003,32,BSBBCX,S9/G4
play,4,0,bledj001,31,CB*BBB,W.1-2
play,4,0,petej002,12,BCSS,K
play,4,1,polla001,00,X,7/F7D
play,4,1,cabaj001,22,BCSFFFBFFFFX,7/L7
play,4,1,crawj002,31,BBBCX,S9/L9D+
play,4,1,frant002,20,BBX,6/F78S
play,5,0,langs001,12,SBS.S,K
play,5,0,kempt001,22,BFBT.FS,K
play,5,0,allen002,12,FSBX,63/G56
play,5,1,rodrj007,01,SX,D39/F3D
play,5,1,kelej001,32,CBFFBBF.X,S8/L8.2-H
play,5,1,suare001,30,BBBX,8/F8XD+.1-2
play,5,1,ralec001,20,B*BX,8/F8XD+.2-3
play,5,1,hernt002,11,FBX,8/F8D+
play,6,0,ruize001,02,CFFS,K
play,6,0,nodar001,20,BBX,S9/L9D+
play,6,0,rookb001,32,BBBCCFS,K
play,6,0,brows003,22,BSS.BX,S9/L9+.1-3
play,6,0,bledj001,32,BBFBF>F>F>B,W.1-2
play,6,0,petej002,11,CBX,31/G3
play,6,1,polla001,00,,NP
sub,marta006,"Adrian Martinez",0,0,1
play,6,1,polla001,32,.CBS.BBB,W
play,6,1,cabaj001,02,CC1X,9/F3D
play,6,1,crawj002,21,BBCX,4/P34D
play,6,1,frant002,12,CBFX,S9/G34.1-2
play,6,1,rodrj007,01,CX,D7/L7LD+.2-H;1-3
play,6,1,kelej001,32,BCSF*BFBB,W
play,6,1,suare001,00,X,S6/G56.3-H;2-3;1-2
play,6,1,ralec001,22,F*BCBFF*S,K
play,7,0,langs001,00,,NP
id,SEA202305270
version,2
info,visteam,PIT
info,hometeam,SEA
info,site,SEA03
info,date,2023/05/27
info,number,0
info,gametype,regular
info,starttime,1:10PM
info,daynight,day
info,innings,9
info,tiebreaker,2
info,usedh,true
info,umphome,blakr901
info,ump1b,hudsm901
info,ump2b,wendh902
info,ump3b,tumpj901
info,umplf,(none)
info,umprf,(none)
info,inputtime,2023/06/19 09:03:46
info,howscored,unknown
info,pitches,pitches
info,oscorer,peted701
info,temp,60
info,winddir,tolf
info,windspeed,2
info,fieldcond,unknown
info,precip,none
info,sky,cloudy
info,timeofgame,152
info,attendance,44624
info,wp,castl003
info,lp,velav001
info,save,
start,marct001,"Tucupita Marcano",0,1,6
start,reynb001,"Bryan Reynolds",0,2,7
start,joe-c001,"Connor Joe",0,3,3
start,santc002,"Carlos Santana",0,4,10
start,suwij001,"Jack Suwinski",0,5,8
start,hayek001,"Ke'Bryan Hayes",0,6,5
start,bae-j001,"Ji Hwan Bae",0,7,4
start,palaj001,"Josh Palacios",0,8,9
start,delaj004,"Jason Delay",0,9,2
start,velav001,"Vince Velasquez",0,0,1
start,crawj002,"J.P. Crawford",1,1,6
start,frant002,"Ty France",1,2,3
start,rodrj007,"Julio Rodriguez",1,3,8
start,kelej001,"Jarred Kelenic",1,4,7
start,suare001,"Eugenio Suarez",1,5,10
start,ralec001,"Cal Raleigh",1,6,2
start,hernt002,"Teoscar Hernandez",1,7,9
start,cabaj001,"Jose Caballero",1,8,5
start,wongk001,"Kolten Wong",1,9,4
start,castl003,"Luis Castillo",1,0,1
play,1,0,marct001,00,X,D7/L78XD+
play,1,0,reynb001,32,BBBCC.X,7/L7D
play,1,0,joe-c001,22,CCBBS,K
play,1,0,santc002,12,BCSS,K
play,1,1,crawj002,21,CBBX,D9/L9L+
play,1,1,frant002,22,*BFB*SX,D7/L7L.2-H
play,1,1,rodrj007,01,FX,6/F7S
play,1,1,kelej001,11,CBX,7/F7LS
play,1,1,suare001,00,X,S9/F89S.2-H
play,1,1,ralec001,32,*BFBSB.>X,S8/G4.1-3
play,1,1,hernt002,00,X,D7/L7LD+.3-H;1-3
play,1,1,cabaj001,01,CX,9/F34D
play,2,0,suwij001,12,CFBS,K
play,2,0,hayek001,02,CS.*S,K
play,2,0,bae-j001,11,SBH,HP
play,2,0,palaj001,11,BF>B,SB2.1-3(E2/TH)
play,2,0,palaj001,32,BF>B.SBX,4/P4S
play,2,1,wongk001,22,BFBCS,K
play,2,1,crawj002,11,CBX,S8/G4
play,2,1,frant002,32,CB*BFBB,W.1-2
play,2,1,rodrj007,01,FX,D8/L78D+.2-H;1-3
play,2,1,kelej001,32,SCBVFFFBS,K
play,2,1,suare001,22,CC*B*BS,K
play,3,0,delaj004,22,BCCBFFFFC,K
play,3,0,marct001,12,CF.BX,31/G3
play,3,0,reynb001,32,SS.BBBB,W
play,3,0,joe-c001,22,BFSBX,4(1)/FO/G4M.B-1
play,3,1,ralec001,00,,NP
sub,hernj005,"Jose Hernandez",0,0,1
play,3,1,ralec001,01,.SX,63/G6
play,3,1,hernt002,00,X,3/P3
play,3,1,cabaj001,22,BBCCX,53/G5
play,4,0,santc002,22,BBSFX,43/G4
play,4,0,suwij001,02,CCFS,K
play,4,0,hayek001,12,FCBS,K
play,4,1,wongk001,32,BBCCBS,K
play,4,1,crawj002,02,FCX,3/G3
play,4,1,frant002,12,CF.BFX,D8/L78XD+
play,4,1,rodrj007,01,SX,5/L1S+
play,5,0,bae-j001,01,SX,43/G4
play,5,0,palaj001,32,SBFBBX,3/G34
play,5,0,delaj004,32,SBBFFBB,W
play,5,0,marct001,02,SC.FS,K
play,5,1,kelej001,10,BX,D9/G3
play,5,1,suare001,11,TBX,8/F89XD+.2-3
play,5,1,ralec001,10,BX,FC/G5S.3XH(52);B-1
play,5,1,hernt002,02,SFS,K
play,6,0,reynb001,22,BSS.BS,K
play,6,0,joe-c001,00,X,2/P2F/FL
play,6,0,santc002,22,BFBS*S,K
play,6,1,cabaj001,00,,NP
sub,zastr001,"Rob Zastryzny",0,0,1
play,6,1,cabaj001,02,.CCFX,S6/G6
play,6,1,wongk001,21,M1BBX,54(1)/FO/G56S.B-2(E4/TH)
play,6,1,crawj002,12,*BCC.S,K
play,6,1,frant002,00,,NP
sub,mored002,"Dauri Moreta",0,0,1
play,6,1,frant002,12,.BSCS,K
play,7,0,suwij001,00,,NP
id,SEA202306140
version,2
info,visteam,MIA
info,hometeam,SEA
info,site,SEA03
info,date,2023/06/14
info,number,0
info,gametype,regular
info,starttime,6:40PM
info,daynight,night
info,innings,9
info,tiebreaker,2
info,usedh,true
info,umphome,barbs901
info,ump1b,jimee901
info,ump2b,wolfj901
info,ump3b,muchm901
info,umplf,(none)
info,umprf,(none)
info,inputtime,2023/06/28 08:59:40
info,howscored,unknown
info,pitches,pitches
info,oscorer,padud701
info,temp,63
info,winddir,unknown
info,windspeed,0
info,fieldcond,unknown
info,precip,none
info,sky,cloudy
info,timeofgame,164
info,attendance,20498
info,wp,peree004
info,lp,castl003
info,save,
start,arral001,"Luis Arraez",0,1,4
start,solej001,"Jorge Soler",0,2,10
start,delab001,"Bryan De La Cruz",0,3,7
start,coopg002,"Garrett Cooper",0,4,3
start,sancj003,"Jesus Sanchez",0,5,9
start,seguj002,"Jean Segura",0,6,5
start,fortn001,"Nick Fortes",0,7,2
start,bertj001,"Jon Berti",0,8,6
start,davij007,"Jonathan Davis",0,9,8
start,peree004,"Eury Perez",0,0,1
start,crawj002,"J.P. Crawford",1,1,6
start,rodrj007,"Julio Rodriguez",1,2,8
start,frant002,"Ty France",1,3,3
start,hernt002,"Teoscar Hernandez",1,4,9
start,kelej001,"Jarred Kelenic",1,5,7
start,suare001,"Eugenio Suarez",1,6,5
start,ralec001,"Cal Raleigh",1,7,2
start,fordm002,"Mike Ford",1,8,10
start,cabaj001,"Jose Caballero",1,9,4
start,castl003,"Luis Castillo",1,0,1
play,1,0,arral001,31,BBBCB,W
play,1,0,solej001,32,CSB*B*BB,W.1-2
play,1,0,delab001,12,BSTS,K
play,1,0,coopg002,22,SBFBS,K
play,1,0,sancj003,22,*BCBSFX,43/G34
play,1,1,crawj002,32,BCBFBFB,W
play,1,1,rodrj007,00,>X,2/P2F/FL
play,1,1,frant002,12,CFBS,K
play,1,1,hernt002,11,BFX,8/F8XD+
play,2,0,seguj002,11,BCX,63/G56
play,2,0,fortn001,12,CBF.S,K
play,2,0,bertj001,31,BBBCX,43/G4
play,2,1,kelej001,22,VCSFBC,K
play,2,1,suare001,00,X,7/F78XD
play,2,1,ralec001,32,CBFB.FBFS,K
play,3,0,davij007,01,SX,S4/G6M
play,3,0,arral001,01,CX,8/F8
play,3,0,solej001,32,CCBBBFB,W.1-2
play,3,0,delab001,00,X,46(1)/FO/G4.2-3;B-1
play,3,0,coopg002,11,SBB,WP.3-H(NR);1-2
play,3,0,coopg002,22,SBB.CS,K
play,3,1,fordm002,10,BX,53/G6
play,3,1,cabaj001,02,CCX,8/F78D
play,3,1,crawj002,32,BBBCF.FFX,9/F9
play,4,0,sancj003,32,CS.BBBC,K
play,4,0,seguj002,22,BSBF.X,8/F8S
play,4,0,fortn001,00,X,3/P3
play,4,1,rodrj007,01,SX,53/G5
play,4,1,frant002,12,FFFFBX,7/F78XD
play,4,1,hernt002,21,BCBX,D9/L9+
play,4,1,kelej001,22,BFBC.S,K
play,5,0,bertj001,31,CBBBB,W
play,5,0,davij007,12,B>FL1>X,9/F89/DP.1X1(93)
play,5,0,arral001,12,CBF.C,K
play,5,1,suare001,12,CBFX,8/F89XD
play,5,1,ralec001,21,FBBX,D9/L89XD+
play,5,1,fordm002,32,BCC*BFB.S,K
play,5,1,cabaj001,22,CSB*BX,9/F9S
play,6,0,solej001,11,BCX,HR/L8XD+
play,6,0,delab001,12,FBCX,7/L7D+
play,6,0,coopg002,32,SBT.FBBB,W
play,6,0,sancj003,02,SC.X,5/P5D
play,6,0,seguj002,30,BBBB,W.1-2
play,6,0,fortn001,00,,NP
id,SEA202306260
version,2
info,visteam,WAS
info,hometeam,SEA
info,site,SEA03
info,date,2023/06/26
info,number,0
info,gametype,regular
info,starttime,6:40PM
info,daynight,night
info,innings,9
info,tiebreaker,2
info,usedh,true
info,umphome,carlm901
info,ump1b,millb903
info,ump2b,thomd901
info,ump3b,gibsh902
info,umplf,(none)
info,umprf,(none)
info,inputtime,2023/06/28 09:03:53
info,howscored,unknown
info,pitches,pitches
info,oscorer,radoe701
info,temp,73
info,winddir,unknown
info,windspeed,0
info,fieldcond,unknown
info,precip,none
info,sky,sunny
info,timeofgame,162
info,attendance,23329
info,wp,castl003
info,lp,abboc001
info,save,sewap001
start,thoml002,"Lane Thomas",0,1,9
start,garcl006,"Luis Garcia",0,2,4
start,candj002,"Jeimer Candelario",0,3,5
start,menej001,"Joey Meneses",0,4,10
start,dickc002,"Corey Dickerson",0,5,7
start,ruizk001,"Keibert Ruiz",0,6,2
start,smitd008,"Dominic Smith",0,7,3
start,hilld002,"Derek Hill",0,8,8
start,abrac001,"CJ Abrams",0,9,6
start,willt002,"Trevor Williams",0,0,1
start,crawj002,"J.P. Crawford",1,1,6
start,rodrj007,"Julio Rodriguez",1,2,8
start,frant002,"Ty France",1,3,3
start,hernt002,"Teoscar Hernandez",1,4,9
start,ralec001,"Cal Raleigh",1,5,2
start,suare001,"Eugenio Suarez",1,6,5
start,kelej001,"Jarred Kelenic",1,7,7
start,fordm002,"Mike Ford",1,8,10
start,wongk001,"Kolten Wong",1,9,4
start,castl003,"Luis Castillo",1,0,1
play,1,0,thoml002,11,BCX,HR/F7LD
play,1,0,garcl006,02,FFX,1/L4MS
play,1,0,candj002,01,CX,43/G34D
play,1,0,menej001,01,CX,4/P34D
play,1,1,crawj002,22,FTF.FBBX,HR/F9LD
play,1,1,rodrj007,11,BSX,S5/G5
play,1,1,frant002,00,1X,43/G34.1-2
play,1,1,hernt002,02,CF2S,K
play,1,1,ralec001,00,X,6/P5D
play,2,0,dickc002,11,CBX,8/F8D
play,2,0,ruizk001,01,SX,13/G15
play,2,0,smitd008,22,CBBSF.X,HR/F9D
play,2,0,hilld002,00,X,43/G34
play,2,1,suare001,32,CBTBBFFFT,K
play,2,1,kelej001,22,BSS.BC,K
play,2,1,fordm002,22,CBBFX,S7/L78D
play,2,1,wongk001,22,BBFFX,6(1)/FO/G6.B-1
play,3,0,abrac001,02,CFX,S6/G4M.B-2(E6/TH)
play,3,0,thoml002,12,SS2*BS,K
play,3,0,garcl006,01,FX,S8/G4M.2-H(UR)
play,3,0,candj002,32,BCBFBX,36(1)3/GDP/G3
play,3,1,crawj002,22,CBBFX,S9/G34
play,3,1,rodrj007,01,FX,S7/L7.1-2
play,3,1,frant002,32,CBBF*BX,9/L89
play,3,1,hernt002,12,SBSS,K
play,3,1,ralec001,01,FX,5/P56
play,4,0,menej001,11,BSX,D7/G5
play,4,0,dickc002,12,BCC.X,53/G56
play,4,0,ruizk001,10,BX,7/F7S
play,4,0,smitd008,30,BBBB,W
play,4,0,hilld002,32,BBC.BF>F>C,K
play,4,1,suare001,01,CX,HR/F7LD
play,4,1,kelej001,00,X,S9/G4
play,4,1,fordm002,32,CBB1C1B1,BK.1-2
play,4,1,fordm002,32,CBB1C1B1..FX,6/P56D
play,4,1,wongk001,01,CX,6/L6MD
play,4,1,crawj002,32,BBFF.BB,W
play,4,1,rodrj007,11,FBX,S8/G6M.2-H;1-3
play,4,1,frant002,10,B1>S,SB2
play,4,1,frant002,21,B1>S.BX,31/G34
play,5,0,abrac001,32,BTBBFFS,K
play,5,0,thoml002,12,SCBS,K
play,5,0,garcl006,02,FCFX,S7/F7LS
play,5,0,candj002,00,X,S9/L89.1-2
play,5,0,menej001,12,CFBFS,K
play,5,1,hernt002,00,,NP
sub,abboc001,"Cory Abbott",0,0,1
play,5,1,hernt002,01,.CX,S13/G1.B-2(E3/TH)
play,5,1,ralec001,12,CBFX,63/G4M.2-3
play,5,1,suare001,01,CX,9/SF/F9LD+.3-H
play,5,1,kelej001,30,BB.BB,W
play,5,1,fordm002,11,BC>B,SB2
com,"$Mariners challenged (tag play), call on the field was overturned."
play,5,1,fordm002,21,BC>B.X,S8/G4M.2-H
play,5,1,wongk001,10,*BX,D8/F89XD.1-H
play,5,1,crawj002,32,C*SBFBBC,K
play,6,0,dickc002,22,BBSS.FS,K
play,6,0,ruizk001,11,BFX,5/P5F/FL
play,6,0,smitd008,22,CSBBFX,8/L78XD+
play,6,1,rodrj007,12,CFBS,K
play,6,1,frant002,02,FSX,63/G56
play,6,1,hernt002,32,BBSFBB,W
play,6,1,ralec001,12,B*SSFS,K
play,7,0,hilld002,00,X,13/BG2-
play,7,0,abrac001,11,BFX,5/P5F/FL
play,7,0,thoml002,22,BBSFFS,K
play,7,1,suare001,22,CCBBX,8/L8D
play,7,1,kelej001,32,BBS.FBC,K
play,7,1,fordm002,32,CBBS.FBFFS,K
play,8,0,garcl006,00,,NP
id,SEA202307020
version,2
info,visteam,TBA
info,hometeam,SEA
info,site,SEA03
info,date,2023/07/02
info,number,0
info,gametype,regular
info,starttime,1:10PM
info,daynight,day
info,innings,9
info,tiebreaker,2
info,usedh,true
info,umphome,mosce901
info,ump1b,tomln901
info,ump2b,bakej902
info,ump3b,guccc901
info,umplf,(none)
info,umprf,(none)
info,inputtime,2023/07/29 12:23:03
info,howscored,unknown
info,pitches,pitches
info,oscorer,radoe701
info,temp,71
info,winddir,fromlf
info,windspeed,4
info,fieldcond,unknown
info,precip,none
info,sky,sunny
info,timeofgame,162
info,attendance,36541
info,wp,munoa002
info,lp,adamj002
info,save,sewap001
start,lowej002,"Josh Lowe",0,1,9
start,franw002,"Wander Franco",0,2,6
start,arozr001,"Randy Arozarena",0,3,7
start,ralel001,"Luke Raley",0,4,3
start,ramih004,"Harold Ramirez",0,5,10
start,parei001,"Isaac Paredes",0,6,5
start,mejif001,"Francisco Mejia",0,7,2
start,margm001,"Manuel Margot",0,8,8
start,brujv001,"Vidal Brujan",0,9,4
start,bradt002,"Taj Bradley",0,0,1
start,crawj002,"J.P. Crawford",1,1,6
start,rodrj007,"Julio Rodriguez",1,2,8
start,frant002,"Ty France",1,3,3
start,hernt002,"Teoscar Hernandez",1,4,9
start,kelej001,"Jarred Kelenic",1,5,7
start,suare001,"Eugenio Suarez",1,6,5
start,fordm002,"Mike Ford",1,7,10
start,murpt002,"Tom Murphy",1,8,2
start,cabaj001,"Jose Caballero",1,9,4
start,castl003,"Luis Castillo",1,0,1
play,1,0,lowej002,12,CSBFS,K
play,1,0,franw002,00,X,9/F9
play,1,0,arozr001,32,BFCBBX,HR/F7LD
play,1,0,ralel001,02,SSS,K
play,1,1,crawj002,11,CBX,D7/L7LD
play,1,1,rodrj007,02,CSX,8/L89D
play,1,1,frant002,11,FBX,53/G5
play,1,1,hernt002,02,SFX,63/G6M
play,2,0,ramih004,00,X,53/G5
play,2,0,parei001,01,CX,HR/F7LD
play,2,0,mejif001,11,FBX,3/G34
play,2,0,margm001,02,CFS,K
play,2,1,kelej001,02,CFS,K
play,2,1,suare001,02,CSX,HR/F78XD
play,2,1,fordm002,01,CX,6/F78S
play,2,1,murpt002,32,BBFB.SB,W
play,2,1,cabaj001,12,CSFBFC,K
play,3,0,brujv001,12,FBFX,E4/TH/G4.B-1
play,3,0,lowej002,01,SX,S9/L9D+.1-3
play,3,0,franw002,20,B1BX,7/SF/F7.3-H(UR)
play,3,0,arozr001,11,SBX,S8/L8.1-2
play,3,0,ralel001,00,X,D9/L9L.2-H;1-H
play,3,0,ramih004,02,SSFX,E6/TH/G6MS.2-3;B-1
play,3,0,parei001,02,FS.X,S67/G6.3-H(UR);1-2
play,3,0,mejif001,12,CSBFX,9/L9D.2-3
play,3,0,margm001,02,FFX,63/G6
play,3,1,crawj002,31,BBBCX,3/L3
play,3,1,rodrj007,22,BBS.FX,D7/L78XD+
play,3,1,frant002,02,FFX,D7/L7L+.2-H
play,3,1,hernt002,32,BSB*BFX,S/G56.2-3
play,3,1,kelej001,00,,NP
sub,wallt003,"Taylor Walls",0,6,5
play,3,1,kelej001,22,.SBBCF.FX,D7/L78D+.3-H;1-3
play,3,1,suare001,00,X,9/F9+
play,3,1,fordm002,01,CX,S8/L8D.3-H;2-H
play,3,1,murpt002,00,X,S9/G4.1-2
play,3,1,cabaj001,02,CCS,K
play,4,0,brujv001,01,CX,31/G34
play,4,0,lowej002,32,BFBBFFFFS,K
play,4,0,franw002,32,BSBBSS,K
play,4,1,crawj002,32,BBBCC.FX,8/F8
play,4,1,rodrj007,00,X,S8/G6M
play,4,1,frant002,00,,NP
sub,kellk004,"Kevin Kelly",0,0,1
play,4,1,frant002,00,.>C,CS2(24)
com,"$Rays challenged (tag play), call on the field was overturned."
play,4,1,frant002,12,.>C.SBFX,63/G6
play,5,0,arozr001,11,BCX,43/G4
play,5,0,ralel001,32,BCFBBS,K
play,5,0,ramih004,12,BCSX,53/G56
play,5,1,hernt002,32,CSBBF.BFX,43/G1S
play,5,1,kelej001,32,BBBCS.X,31/G3D
play,5,1,suare001,12,CSBS,K
play,6,0,wallt003,32,FBSBFBX,8/F8D
play,6,0,mejif001,11,BFX,43/G34D
play,6,0,margm001,01,CX,D7/G5
play,6,0,brujv001,00,X,7/F7
play,6,1,fordm002,00,,NP
sub,pochc001,"Colin Poche",0,0,1
play,6,1,fordm002,00,.X,9/F9
play,6,1,murpt002,31,BBFBX,HR/F7D
play,6,1,cabaj001,31,BBFBB,W
play,6,1,crawj002,31,*B1BBC1B,W.1-2
play,6,1,rodrj007,00,,NP
sub,armss001,"Shawn Armstrong",0,0,1
play,6,1,rodrj007,12,.BFFX,64(1)/FO/G6.2-3;B-1
play,6,1,frant002,02,FTX,4/P34
play,7,0,lowej002,00,,NP
id,SEA202307140
version,2
info,visteam,DET
info,hometeam,SEA
info,site,SEA03
info,date,2023/07/14
info,number,0
info,gametype,regular
info,starttime,7:10PM
info,daynight,night
info,innings,9
info,tiebreaker,2
info,usedh,true
info,umphome,hudsm901
info,ump1b,wendh902
info,ump2b,macka901
info,ump3b,tumpj901
info,umplf,(none)
info,umprf,(none)
info,inputtime,2023/07/23 20:30:20
info,howscored,unknown
info,pitches,pitches
info,oscorer,radoe701
info,temp,80
info,winddir,ltor
info,windspeed,5
info,fieldcond,unknown
info,precip,none
info,sky,sunny
info,timeofgame,164
info,attendance,39014
info,wp,rodre004
info,lp,castl003
info,save,langa001
start,mckiz001,"Zach McKinstry",0,1,5
start,greer003,"Riley Greene",0,2,10
start,torks001,"Spencer Torkelson",0,3,3
start,carpk001,"Kerry Carpenter",0,4,9
start,vierm001,"Matt Vierling",0,5,8
start,baezj001,"Javier Baez",0,6,6
start,maton001,"Nick Maton",0,7,4
start,badda001,"Akil Baddoo",0,8,7
start,rogej004,"Jake Rogers",0,9,2
start,rodre004,"Eduardo Rodriguez",0,0,1
start,crawj002,"J.P. Crawford",1,1,6
start,rodrj007,"Julio Rodriguez",1,2,8
start,frant002,"Ty France",1,3,3
start,hernt002,"Teoscar Hernandez",1,4,9
start,suare001,"Eugenio Suarez",1,5,5
start,murpt002,"Tom Murphy",1,6,2
start,polla001,"AJ Pollock",1,7,10
start,cabaj001,"Jose Caballero",1,8,4
start,moord002,"Dylan Moore",1,9,7
start,castl003,"Luis Castillo",1,0,1
play,1,0,mckiz001,22,FBSBC,K
play,1,0,greer003,12,BSSFX,8/F8XD
play,1,0,torks001,20,BBX,S8/L8S
play,1,0,carpk001,32,FBSBB>X,HR/F89XD.1-H
play,1,0,vierm001,12,CFF.FBS,K
play,1,1,crawj002,21,CBBX,5/P5F/FL
play,1,1,rodrj007,01,CX,8/F8XD+
play,1,1,frant002,10,BX,9/F9D
play,2,0,baezj001,12,FFBX,63/G6
play,2,0,maton001,22,FCFBFF.BX,8/F8D
play,2,0,badda001,31,BBBCX,43/G4
play,2,1,hernt002,22,CBBCFFC,K
play,2,1,suare001,12,BFSC,K
play,2,1,murpt002,22,BBSFX,9/F89XD+
play,3,0,rogej004,10,BX,8/F89D+
play,3,0,mckiz001,12,BSFFFFFX,43/G34
play,3,0,greer003,32,BFSBFBS,K
play,3,1,polla001,12,CBF.S,K
play,3,1,cabaj001,02,FCS,K
play,3,1,moord002,10,BX,9/F89XD+
play,4,0,torks001,01,FX,9/F9D
play,4,0,carpk001,12,FFBS,K
play,4,0,vierm001,21,BBCX,23/G2-
play,4,1,crawj002,32,CBSBBFFX,43/G34
play,4,1,rodrj007,31,BBSBX,S8/L8S
play,4,1,frant002,22,BBFF1S,K
play,4,1,hernt002,22,SBS*BFFC,K
play,5,0,baezj001,11,BFX,53/G56
play,5,0,maton001,22,FCFBFBS,K
play,5,0,badda001,22,BBCFX,HR/F89XD
play,5,0,rogej004,01,FX,S9/F9LS
play,5,0,mckiz001,31,BSBBX,8/L8XD+
play,5,1,suare001,32,BSBCBFB,W
play,5,1,murpt002,12,*BSFH,HP.1-2
play,5,1,polla001,01,FX,S7/L7+.2-3;1-2
play,5,1,cabaj001,00,X,6/P6D
play,5,1,moord002,00,X,D8/L78D+.3-H;2-H;1-3
play,5,1,crawj002,22,CBCBX,43/G34
play,5,1,rodrj007,31,*BFB*B*B,W
play,5,1,frant002,22,FFBBC,K
com,"ej,frant002,P,hudsm901,Called third strike"
com,"$Mariners first baseman Ty France ejected by HP umpire Marvin Hudson"
com,"for arguing called third strike"
play,6,0,greer003,00,.,NP
sub,kelej001,"Jarred Kelenic",1,3,7
play,6,0,greer003,00,..,NP
sub,moord002,"Dylan Moore",1,9,3
play,6,0,greer003,00,...,NP
id,SEA202307190
version,2
info,visteam,MIN
info,hometeam,SEA
info,site,SEA03
info,date,2023/07/19
info,number,0
info,gametype,regular
info,starttime,6:40PM
info,daynight,night
info,innings,9
info,tiebreaker,2
info,usedh,true
info,umphome,barbs901
info,ump1b,porta901
info,ump2b,wolfj901
info,ump3b,muchm901
info,umplf,(none)
info,umprf,(none)
info,inputtime,2023/07/25 09:03:17
info,howscored,unknown
info,pitches,pitches
info,oscorer,padud701
info,temp,83
info,winddir,ltor
info,windspeed,9
info,fieldcond,unknown
info,precip,none
info,sky,sunny
info,timeofgame,162
info,attendance,25825
info,wp,pagae001
info,lp,munoa002
info,save,duraj002
start,corrc001,"Carlos Correa",0,1,6
start,julie001,"Edouard Julien",0,2,4
start,kiria001,"Alex Kirilloff",0,3,3
start,keplm001,"Max Kepler",0,4,9
start,wallm001,"Matt Wallner",0,5,10
start,castw003,"Willi Castro",0,6,8
start,farmk001,"Kyle Farmer",0,7,5
start,gallj002,"Joey Gallo",0,8,7
start,jeffr002,"Ryan Jeffers",0,9,2
start,maedk001,"Kenta Maeda",0,0,1
start,crawj002,"J.P. Crawford",1,1,6
start,rodrj007,"Julio Rodriguez",1,2,8
start,kelej001,"Jarred Kelenic",1,3,7
start,suare001,"Eugenio Suarez",1,4,5
start,fordm002,"Mike Ford",1,5,10
start,hernt002,"Teoscar Hernandez",1,6,9
start,frant002,"Ty France",1,7,3
start,murpt002,"Tom Murphy",1,8,2
start,wongk001,"Kolten Wong",1,9,4
start,castl003,"Luis Castillo",1,0,1
play,1,0,corrc001,21,BFBX,53/G56
play,1,0,julie001,32,BCCFBB.B,W
play,1,0,kiria001,12,CSB1S,K
play,1,0,keplm001,10,BX,53/G6
play,1,1,crawj002,10,BX,S8/F8
play,1,1,rodrj007,22,BS*S.BS,K
play,1,1,kelej001,11,CBX,56(1)3/GDP/G6
play,2,0,wallm001,32,FBBS.BB,W
play,2,0,castw003,22,BCBC.C,K
play,2,0,farmk001,01,CX,S9/G34.1-2
play,2,0,gallj002,32,SBFB*BFFS,K
play,2,0,jeffr002,01,CX,S8/G6M.2-H;1-2
play,2,0,corrc001,32,BCC.BB>S,K
play,2,1,suare001,02,CF*S,K
play,2,1,fordm002,22,FBCBFC,K
play,2,1,hernt002,00,X,6/L56D+
play,3,0,julie001,12,CSBX,S9/G34
play,3,0,kiria001,12,CSBS,K
play,3,0,keplm001,12,1CBSFS,K
play,3,0,wallm001,02,CCC,K
play,3,1,frant002,01,CX,8/L8D
play,3,1,murpt002,00,X,43/G4
play,3,1,wongk001,22,BBFSX,6/F4MD
play,4,0,castw003,01,SX,S6/F8S
play,4,0,farmk001,01,CX,63/G6.1-2
play,4,0,gallj002,22,BCBFT,K
play,4,0,jeffr002,12,BCFS,K
play,4,1,crawj002,01,CX,43/G4+
play,4,1,rodrj007,32,SBFBBF.C,K
play,4,1,kelej001,02,CS.FS,K
play,5,0,corrc001,22,SBS.FBX,9/F9D
play,5,0,julie001,11,FBX,HR/F9D
play,5,0,kiria001,22,BBTCFS,K
play,5,0,keplm001,00,X,HR/F89XD
play,5,0,wallm001,12,SBSX,3/G3+
play,5,1,suare001,11,BCX,6/L6D
play,5,1,fordm002,22,BFFBS,K
play,5,1,hernt002,12,FBSS,K
play,6,0,castw003,00,X,9/F89D+
play,6,0,farmk001,12,BCFX,9/L9LD
play,6,0,gallj002,12,SFBS,K
play,6,1,frant002,12,CFBF*S,K
play,6,1,murpt002,00,X,HR/F8XD
play,6,1,wongk001,10,BX,7/F7LS
play,6,1,crawj002,22,BBCC.FS,K
play,7,0,jeffr002,00,,NP
id,SEA202308110
version,2
info,visteam,BAL
info,hometeam,SEA
info,site,SEA03
info,date,2023/08/11
info,number,0
info,gametype,regular
info,starttime,7:10PM
info,daynight,night
info,innings,9
info,tiebreaker,2
info,usedh,true
info,umphome,morag901
info,ump1b,becka901
info,ump2b,iassd901
info,ump3b,bacoj901
info,umplf,(none)
info,umprf,(none)
info,inputtime,2023/08/13 14:01:12
info,howscored,unknown
info,pitches,pitches
info,oscorer,padud701
info,temp,75
info,winddir,fromlf
info,windspeed,6
info,fieldcond,unknown
info,precip,none
info,sky,sunny
info,timeofgame,140
info,attendance,36203
info,wp,castl003
info,lp,gibsk002
info,save,
start,rutsa001,"Adley Rutschman",0,1,2
start,hendg002,"Gunnar Henderson",0,2,6
start,santa003,"Anthony Santander",0,3,10
start,ohear001,"Ryan O'Hearn",0,4,9
start,mullc002,"Cedric Mullins",0,5,8
start,mounr001,"Ryan Mountcastle",0,6,3
start,fraza001,"Adam Frazier",0,7,4
start,uriar001,"Ramon Urias",0,8,5
start,cowsc001,"Colton Cowser",0,9,7
start,gibsk002,"Kyle Gibson",0,0,1
start,rodrj007,"Julio Rodriguez",1,1,8
start,suare001,"Eugenio Suarez",1,2,5
start,ralec001,"Cal Raleigh",1,3,2
start,hernt002,"Teoscar Hernandez",1,4,9
start,frant002,"Ty France",1,5,3
start,canzd001,"Dominic Canzone",1,6,10
start,marlc001,"Cade Marlowe",1,7,7
start,cabaj001,"Jose Caballero",1,8,6
start,rojaj001,"Josh Rojas",1,9,4
start,castl003,"Luis Castillo",1,0,1
play,1,0,rutsa001,22,BFF.BFC,K
play,1,0,hendg002,32,BSFBFBX,63/G6M
play,1,0,santa003,32,BBSBC.FFS,K
play,1,1,rodrj007,02,CFX,8/L8XD+
play,1,1,suare001,00,X,S67/G6
play,1,1,ralec001,11,CBX,HR/F9D.1-H
play,1,1,hernt002,32,CSBF.BBB,W
play,1,1,frant002,10,BX,54(1)3/GDP/G56
play,2,0,ohear001,22,CBFBFS,K
play,2,0,mullc002,32,LS.BBBS,K
play,2,0,mounr001,32,SBBC.BB,W
play,2,0,fraza001,12,BCFS,K
play,2,1,canzd001,12,CBFX,9/L9D+
play,2,1,marlc001,32,CBFBB.X,S5/G6S
play,2,1,cabaj001,10,*BX,S8/L89.1-3
play,2,1,rojaj001,12,CFB1X,16(1)3/GDP/G23
play,3,0,uriar001,22,BSCBX,S9/G3
play,3,0,cowsc001,00,X,9/F89D
play,3,0,rutsa001,21,BBFX,8/F8D
play,3,0,hendg002,22,*BCFBS,K
play,3,1,rodrj007,00,X,63/G6
play,3,1,suare001,30,BBBB,W
play,3,1,ralec001,02,CFFC,K
play,3,1,hernt002,01,SX,8/F89D
play,4,0,santa003,00,X,HR/F89XD
play,4,0,ohear001,31,FBBBX,8/F8XD
play,4,0,mullc002,01,SX,9/F9S
play,4,0,mounr001,22,BSSFBS,K
play,4,1,frant002,10,BX,S6/G6M
play,4,1,canzd001,22,BFFBX,S7/G56.1-2
play,4,1,marlc001,00,X,S9/L9D+.2-3;1-2
play,4,1,cabaj001,11,BCX,8/SF/F8XD.3-H;2-3
play,4,1,rojaj001,21,B*BSX,S9/L9L.3-H;1-3
play,4,1,rodrj007,10,BX,HR/F9D.3-H;1-H
play,4,1,suare001,22,SBBFS,K
play,4,1,ralec001,12,SS.BS,K
play,5,0,fraza001,11,BCX,53/G56
play,5,0,uriar001,12,CBSF.X,53/G5
play,5,0,cowsc001,32,BBCF.FBB,W
play,5,0,rutsa001,01,FX,3/G3S
play,5,1,hernt002,10,BX,43/G4
play,5,1,frant002,01,FX,HR/F7LD
play,5,1,canzd001,10,BX,53/G6
play,5,1,marlc001,22,BCFBS,K
play,6,0,hendg002,32,BCBFBX,63/G6M
play,6,0,santa003,00,X,8/L78D
play,6,0,ohear001,22,CFBBS,K
play,6,1,cabaj001,02,SSX,53/G56
play,6,1,rojaj001,00,X,D7/F5D
play,6,1,rodrj007,22,FF*B+2BX,D7/L7L.2-H
play,6,1,suare001,00,,NP
sub,webbj002,"Jacob Webb",0,0,1
play,6,1,suare001,12,.BSFC,K
play,6,1,ralec001,22,BBSSS,K
play,7,0,mullc002,00,,NP
id,SEA202308270
version,2
info,visteam,KCA
info,hometeam,SEA
info,site,SEA03
info,date,2023/08/27
info,number,0
info,gametype,regular
info,starttime,1:10PM
info,daynight,day
info,innings,9
info,tiebreaker,2
info,usedh,true
info,umphome,eddid901
info,ump1b,marqa901
info,ump2b,wolcq901
info,ump3b,willr901
info,umplf,(none)
info,umprf,(none)
info,inputtime,2023/08/31 09:04:17
info,howscored,unknown
info,pitches,pitches
info,oscorer,peted701
info,temp,77
info,winddir,torf
info,windspeed,4
info,fieldcond,unknown
info,precip,none
info,sky,sunny
info,timeofgame,137
info,attendance,38829
info,wp,castl003
info,lp,marsa001
info,save,munoa002
start,garcm003,"Maikel Garcia",0,1,5
start,wittb002,"Bobby Witt Jr.",0,2,6
start,peres002,"Salvador Perez",0,3,2
start,melem001,"MJ Melendez",0,4,7
start,wated001,"Drew Waters",0,5,9
start,massm001,"Michael Massey",0,6,4
start,velan001,"Nelson Velazquez",0,7,10
start,beatm001,"Matt Beaty",0,8,3
start,isbek001,"Kyle Isbel",0,9,8
start,marsa001,"Alec Marsh",0,0,1
start,crawj002,"J.P. Crawford",1,1,6
start,rodrj007,"Julio Rodriguez",1,2,8
start,suare001,"Eugenio Suarez",1,3,5
start,ralec001,"Cal Raleigh",1,4,2
start,hernt002,"Teoscar Hernandez",1,5,10
start,frant002,"Ty France",1,6,3
start,canzd001,"Dominic Canzone",1,7,9
start,marlc001,"Cade Marlowe",1,8,7
start,rojaj001,"Josh Rojas",1,9,4
start,castl003,"Luis Castillo",1,0,1
play,1,0,garcm003,12,BFCX,5/L5D+
play,1,0,wittb002,02,SCFFX,13/G1S
play,1,0,peres002,21,CBBX,63/G6-
play,1,1,crawj002,22,BBFF.X,43/G34
play,1,1,rodrj007,00,X,S48/G4M
play,1,1,suare001,11,FBX,64(1)/FO/G6.B-2(E4/TH)
play,1,1,ralec001,20,BBX,43/G34
play,2,0,melem001,32,CS.BBBFFX,8/F89
play,2,0,wated001,02,FF*S,K
play,2,0,massm001,22,BFBFX,9/F89
play,2,1,hernt002,01,CX,HR/F8XD
play,2,1,frant002,10,BH,HP
play,2,1,canzd001,12,F*SBFFX,7/F78S
play,2,1,marlc001,32,BBSFBFFF.S,K
play,2,1,rojaj001,22,CSFBBS,K
play,3,0,velan001,22,BSF.BC,K
play,3,0,beatm001,31,CBBBB,W
play,3,0,isbek001,12,FBC.FS,K
play,3,0,garcm003,12,CSBX,S8/L89D.1-2
play,3,0,wittb002,10,BX,64(1)/FO/G6.B-1
play,3,1,crawj002,12,CC.BFS,K
play,3,1,rodrj007,01,FX,4/P9S
play,3,1,suare001,31,BBBFB,W
play,3,1,ralec001,22,SBBC.S,K
play,4,0,peres002,12,CSBS,K
play,4,0,melem001,02,FFX,7/L7LD
play,4,0,wated001,32,FSBBBX,8/F8+
play,4,1,hernt002,11,CBX,S8/L8+
play,4,1,frant002,01,CX,46(1)3/GDP/G4
play,4,1,canzd001,12,CBSX,9/F9D+
play,5,0,massm001,02,CSX,8/F78D
play,5,0,velan001,10,BX,53/G5
play,5,0,beatm001,32,CBCBBX,6/P6MS
play,5,1,marlc001,32,FBBFFBFS,K
play,5,1,rojaj001,32,BCBCB*B,W
play,5,1,crawj002,20,BB>C,SB2
play,5,1,crawj002,22,BB>C.FC,K
play,5,1,rodrj007,00,X,HR/L78XD.2-H
play,5,1,suare001,32,BCBSBS,K
play,6,0,isbek001,12,BCCX,8/L8XD
play,6,0,garcm003,10,BX,9/L9LD
play,6,0,wittb002,22,CS.BBS,K
play,6,1,ralec001,22,CBSFBS,K
play,6,1,hernt002,12,CBS.S,K
play,6,1,frant002,10,BX,S7/L7
play,6,1,canzd001,00,,NP
sub,snidc001,"Collin Snider",0,0,1
play,6,1,canzd001,21,.BSBX,D9/L9LD.1XH(942)
com,"$Mariners challenged (tag play), call on the field was upheld."
play,7,0,peres002,02,FSX,63/G56
play,7,0,melem001,12,SBSFS,K
play,7,0,wated001,01,FX,6/P56D
play,7,1,marlc001,00,,NP
sub,cox-a001,"Austin Cox",0,0,1
play,7,1,marlc001,12,..CFBS,K
play,7,1,rojaj001,21,BFBX,7/F7LF/FL
play,7,1,crawj002,10,BX,53/G56S-
play,8,0,massm001,00,,NP
id,SEA202309130
version,2
info,visteam,ANA
info,hometeam,SEA
info,site,SEA03
info,date,2023/09/13
info,number,0
info,gametype,regular
info,starttime,1:10PM
info,daynight,day
info,innings,9
info,tiebreaker,2
info,usedh,true
info,umphome,willr901
info,ump1b,littw901
info,ump2b,addir901
info,ump3b,barkl901
info,umplf,(none)
info,umprf,(none)
info,inputtime,2023/09/17 07:18:40
info,howscored,unknown
info,pitches,pitches
info,oscorer,padud701
info,temp,70
info,winddir,ltor
info,windspeed,6
info,fieldcond,unknown
info,precip,none
info,sky,cloudy
info,timeofgame,152
info,attendance,31250
info,wp,castl003
info,lp,suarj001
info,save,munoa002
start,schan001,"Nolan Schanuel",0,1,3
start,netoz001,"Zach Neto",0,2,6
start,drurb001,"Brandon Drury",0,3,4
start,ohopl001,"Logan O'Hoppe",0,4,2
start,escoe001,"Eduardo Escobar",0,5,5
start,thaim001,"Matt Thaiss",0,6,10
start,adamj003,"Jordyn Adams",0,7,7
start,philb002,"Brett Phillips",0,8,9
start,parik002,"Kyren Paris",0,9,8
start,wanta001,"Andrew Wantz",0,0,1
start,crawj002,"J.P. Crawford",1,1,6
start,rodrj007,"Julio Rodriguez",1,2,8
start,ralec001,"Cal Raleigh",1,3,2
start,hernt002,"Teoscar Hernandez",1,4,9
start,fordm002,"Mike Ford",1,5,10
start,suare001,"Eugenio Suarez",1,6,5
start,canzd001,"Dominic Canzone",1,7,7
start,frant002,"Ty France",1,8,3
start,rojaj001,"Josh Rojas",1,9,4
start,castl003,"Luis Castillo",1,0,1
play,1,0,schan001,12,FFB.X,43/G34
play,1,0,netoz001,20,BBX,9/F89
play,1,0,drurb001,21,SBBX,63/G6
play,1,1,crawj002,12,FFBX,S9/L9
play,1,1,rodrj007,11,SBX,64(1)/FO/G6.B-1
play,1,1,ralec001,12,FF1F*BFX,8/F8
play,1,1,hernt002,21,SBB11X,6/P6D
play,2,0,ohopl001,22,CFBBFX,53/G5D
play,2,0,escoe001,00,X,8/F8D
play,2,0,thaim001,11,BFX,8/L8D
play,2,1,fordm002,20,BBX,2/P2F/FL
play,2,1,suare001,22,CCBBS,K
play,2,1,canzd001,21,CBBX,6/F4MD
play,3,0,adamj003,22,BCBFS,K
play,3,0,philb002,22,CBBSX,HR/F9D
play,3,0,parik002,12,FBFC,K
play,3,0,schan001,00,X,7/F7D
play,3,1,frant002,00,,NP
sub,martj010,"Jose Marte",0,0,1
play,3,1,frant002,02,.CSF*S,K
play,3,1,rojaj001,11,BCX,S7/L7S
play,3,1,crawj002,12,BF>FX,FC3/G3.1-2(E3/TH);B-1
play,3,1,rodrj007,10,*BX,D7/L7LD+.2-H(UR);1-3
play,3,1,ralec001,31,BBBCX,9/F9LS
play,3,1,hernt002,00,X,3/P3DF/FL
play,4,0,netoz001,02,LC.X,S4/G34
play,4,0,drurb001,32,BF1CB>FB>F>X,D7/G5.1-H
play,4,0,ohopl001,01,SX,7/L7
play,4,0,escoe001,12,CF.BX,43/G4.2-3
com,"$Mariners challenged (play at 1st), call on the field was overturned."
play,4,0,thaim001,32,S*BBBFB,W
play,4,0,adamj003,22,BSBTFC,K
play,4,1,fordm002,00,,NP
sub,suarj001,"Jose Suarez",0,0,1
play,4,1,fordm002,00,.X,6/P6MS
play,4,1,suare001,32,BBCSBFX,9/F9S
play,4,1,canzd001,11,CBX,43/G4D
play,5,0,philb002,02,CCT,K
play,5,0,parik002,02,FFC,K
play,5,0,schan001,32,BBFC.BB,W
play,5,0,netoz001,22,C*BBC.X,64(1)/FO/G6.B-1
play,5,1,frant002,00,H,HP
play,5,1,rojaj001,00,,NP
sub,moord002,"Dylan Moore",1,9,11
play,5,1,moord002,32,.BCBC.FFFBS,K
play,5,1,crawj002,22,1CCBBFS,K
play,5,1,rodrj007,30,VVVV,IW.1-2
play,5,1,ralec001,00,,NP
sub,hergj001,"Jimmy Herget",0,0,1
play,5,1,ralec001,12,.CBFFX,S9/L9L.2-H;1-3
play,5,1,hernt002,01,CX,S4/G4M.3-H;1-2
play,5,1,fordm002,31,BCBBX,2/P2F/FL
play,6,0,drurb001,00,,NP
sub,moord002,"Dylan Moore",1,9,4
play,6,0,drurb001,32,.SBC.BBS,K
play,6,0,ohopl001,12,BSS.S,K
play,6,0,escoe001,32,FBFBBB,W
play,6,0,thaim001,12,CTFF*B*S,K
play,6,1,suare001,00,,NP
sub,joycb001,"Ben Joyce",0,0,1
play,6,1,suare001,22,.BCBFC,K
play,6,1,canzd001,11,FBX,8/F8XD
play,6,1,frant002,22,BBCFFS,K
play,7,0,adamj003,00,,NP
id,SEA202309250
version,2
info,visteam,HOU
info,hometeam,SEA
info,site,SEA03
info,date,2023/09/25
info,number,0
info,gametype,regular
info,starttime,6:40PM
info,daynight,night
info,innings,9
info,tiebreaker,2
info,usedh,true
info,umphome,guccc901
info,ump1b,rackd901
info,ump2b,vanol901
info,ump3b,mosce901
info,umplf,(none)
info,umprf,(none)
info,inputtime,2023/10/03 09:09:17
info,howscored,unknown
info,pitches,pitches
info,oscorer,radoe701
info,temp,58
info,winddir,unknown
info,windspeed,0
info,fieldcond,unknown
info,precip,none
info,sky,dome
info,timeofgame,141
info,attendance,39920
info,wp,verlj001
info,lp,castl003
info,save,
start,altuj001,"Jose Altuve",0,1,4
start,brega001,"Alex Bregman",0,2,5
start,alvay001,"Yordan Alvarez",0,3,10
start,tuckk001,"Kyle Tucker",0,4,9
start,abrej003,"Jose Abreu",0,5,3
start,mccoc001,"Chas McCormick",0,6,7
start,penaj004,"Jeremy Pena",0,7,6
start,dubom001,"Mauricio Dubon",0,8,8
start,maldm001,"Martin Maldonado",0,9,2
start,verlj001,"Justin Verlander",0,0,1
start,crawj002,"J.P. Crawford",1,1,6
start,rodrj007,"Julio Rodriguez",1,2,8
start,ralec001,"Cal Raleigh",1,3,2
start,hernt002,"Teoscar Hernandez",1,4,10
start,kelej001,"Jarred Kelenic",1,5,9
start,suare001,"Eugenio Suarez",1,6,5
start,frant002,"Ty France",1,7,3
start,canzd001,"Dominic Canzone",1,8,7
start,rojaj001,"Josh Rojas",1,9,4
start,castl003,"Luis Castillo",1,0,1
play,1,0,altuj001,32,BBFCB.C,K
play,1,0,brega001,12,CBCX,9/L9
play,1,0,alvay001,21,BBFX,D7/L78XD+
play,1,0,tuckk001,01,CX,31/G3
play,1,1,crawj002,11,BCX,31/G34
play,1,1,rodrj007,21,CBBX,3/L34
play,1,1,ralec001,20,BBX,9/F9D+
play,2,0,abrej003,22,BCBS.X,T8/L89XD
play,2,0,mccoc001,00,X,43/G4
play,2,0,penaj004,02,CFFC,K
play,2,0,dubom001,22,SBSBX,S8/L89D+.3-H
play,2,0,maldm001,21,BBFX,D7/L78XD+.1-H
play,2,0,altuj001,00,X,S8/L78D.2-H
play,2,0,brega001,01,CX,63/G6
play,2,1,hernt002,22,BFF.BS,K
play,2,1,kelej001,12,SSBS,K
play,2,1,suare001,22,CFBBS,K
play,3,0,alvay001,11,CBX,HR/F89XD
play,3,0,tuckk001,10,BX,8/L8XD
play,3,0,abrej003,02,CFX,9/L89D
play,3,0,mccoc001,32,BSBBC.B,W
play,3,0,penaj004,00,>B,CS2(24)
play,3,1,frant002,00,X,8/F89
play,3,1,canzd001,22,BCFBX,S9/G4+
play,3,1,rojaj001,01,FX,S9/G34.1-2
play,3,1,crawj002,31,BBFB*B,W.2-3;1-2
play,3,1,rodrj007,10,*BX,64(1)3/GDP/G6
play,4,0,penaj004,01,FX,53/G5
play,4,0,dubom001,02,CFS,K
play,4,0,maldm001,02,CS.S,K
play,4,1,ralec001,12,BCFS,K
play,4,1,hernt002,02,CCFS,K
play,4,1,kelej001,12,FT.BS,K
play,5,0,altuj001,12,CBFS,K
play,5,0,brega001,00,X,8/F89XD
play,5,0,alvay001,02,CSFS,K
play,5,1,suare001,02,CSX,4/P4
play,5,1,frant002,11,CBX,53/G5
play,5,1,canzd001,01,CX,31/G3
play,6,0,tuckk001,11,BCX,HR/F9LD
play,6,0,abrej003,02,CF.FFS,K
play,6,0,mccoc001,02,CS.FX,7/F78D
play,6,0,penaj004,12,FFFBX,S9/L9L
play,6,0,dubom001,22,CBBC*S,K
play,6,1,rojaj001,12,BCFFX,3/G3
play,6,1,crawj002,11,BCX,8/F8
play,6,1,rodrj007,01,FX,3/P3DF/FL
play,7,0,maldm001,00,,NP
id,SEA202309300
version,2
info,visteam,TEX
info,hometeam,SEA
info,site,SEA03
info,date,2023/09/30
info,number,0
info,gametype,regular
info,starttime,4:15PM
info,daynight,day
info,innings,9
info,tiebreaker,2
info,usedh,true
info,umphome,gibsh902
info,ump1b,millb903
info,ump2b,blakr901
info,ump3b,carlm901
info,umplf,(none)
info,umprf,(none)
info,inputtime,2023/10/06 09:13:13
info,howscored,unknown
info,pitches,pitches
info,oscorer,peted701
info,temp,63
info,winddir,unknown
info,windspeed,0
info,fieldcond,unknown
info,precip,none
info,sky,dome
info,timeofgame,192
info,attendance,44694
info,wp,sborj002
info,lp,castl003
info,save,
start,semim001,"Marcus Semien",0,1,4
start,seagc001,"Corey Seager",0,2,6
start,grosr001,"Robbie Grossman",0,3,10
start,garca005,"Adolis Garcia",0,4,9
start,lowen001,"Nathaniel Lowe",0,5,3
start,jungj001,"Josh Jung",0,6,5
start,heimj001,"Jonah Heim",0,7,2
start,tavel001,"Leody Taveras",0,8,8
start,carte001,"Evan Carter",0,9,7
start,heana001,"Andrew Heaney",0,0,1
start,crawj002,"J.P. Crawford",1,1,6
start,rodrj007,"Julio Rodriguez",1,2,8
start,suare001,"Eugenio Suarez",1,3,5
start,ralec001,"Cal Raleigh",1,4,2
start,hernt002,"Teoscar Hernandez",1,5,9
start,moord002,"Dylan Moore",1,6,7
start,frant002,"Ty France",1,7,3
start,rojaj001,"Josh Rojas",1,8,4
start,haggs001,"Sam Haggerty",1,9,10
start,castl003,"Luis Castillo",1,0,1
play,1,0,semim001,00,X,3/P3F/FL
play,1,0,seagc001,32,BBBFSS,K
play,1,0,grosr001,22,SCBFBFX,S8/L8D
play,1,0,garca005,02,CFS,K
play,1,1,crawj002,32,CBBF.BX,S9/F89
play,1,1,rodrj007,32,BBFFBX,9/F9
play,1,1,suare001,12,F*BFFX,9/F9
play,1,1,ralec001,22,BCS.FBX,54(1)/FO/G56.B-1
play,2,0,lowen001,32,BCBFBFB,W
play,2,0,jungj001,12,CBC.C,K
play,2,0,heimj001,01,FX,36(1)/FO/G3.B-1
play,2,0,tavel001,32,CBS.FBFB>B,W.1-2
play,2,0,carte001,32,BFBBF.>X,7/F78
play,2,1,hernt002,32,BBBCFS,K
play,2,1,moord002,31,CBBBB,W
play,2,1,frant002,00,X,2/P2F/FL
play,2,1,rojaj001,31,BB+1BCX,S7/G6.1-2
play,2,1,haggs001,02,CFFFFFX,8/F8
play,3,0,semim001,32,BFBBCB,W
play,3,0,seagc001,11,BFX,7/F7L
play,3,0,grosr001,02,CFS,K
play,3,0,garca005,11,BFX,S5/G5S.1-2
play,3,0,lowen001,32,FF*BBB>X,S8/G4M.2-H;1-3
play,3,0,jungj001,32,BSFBB.>F>*B,W.1-2
play,3,0,heimj001,02,FCFFFX,S9/G4.3-H;2-H;1-3
play,3,0,tavel001,00,X,S9/L89.3-H;1-2
play,3,0,carte001,32,BFBCFB>B,W.2-3;1-2
play,3,0,semim001,00,,NP
