id,MIL202304050
version,2
info,visteam,NYN
info,hometeam,MIL
info,site,MIL06
info,date,2023/04/05
info,number,0
info,gametype,regular
info,starttime,12:40PM
info,daynight,day
info,innings,9
info,tiebreaker,2
info,usedh,true
info,umphome,muchm901
info,ump1b,barbs901
info,ump2b,porta901
info,ump3b,wolfj901
info,umplf,(none)
info,umprf,(none)
info,inputtime,2023/05/20 17:38:50
info,howscored,unknown
info,pitches,pitches
info,oscorer,odrit701
info,temp,66
info,winddir,unknown
info,windspeed,0
info,fieldcond,unknown
info,precip,none
info,sky,dome
info,timeofgame,165
info,attendance,18387
info,wp,willd004
info,lp,ottaa001
info,save,
start,nimmb001,"Brandon Nimmo",0,1,8
start,marts002,"Starling Marte",0,2,9
start,lindf001,"Francisco Lindor",0,3,6
start,alonp001,"Pete Alonso",0,4,3
start,voged001,"Daniel Vogelbach",0,5,10
start,mcnej002,"Jeff McNeil",0,6,4
start,canhm001,"Mark Canha",0,7,7
start,narvo001,"Omar Narvaez",0,8,2
start,guill001,"Luis Guillorme",0,9,5
start,peted003,"David Peterson",0,0,1
start,brosm001,"Mike Brosseau",1,1,5
start,adamw002,"Willy Adames",1,2,6
start,yelic001,"Christian Yelich",1,3,7
start,contw002,"William Contreras",1,4,2
start,voitl001,"Luke Voit",1,5,3
start,andeb006,"Brian Anderson",1,6,9
start,winkj002,"Jesse Winker",1,7,10
start,millo002,"Owen Miller",1,8,4
start,wiemj001,"Joey Wiemer",1,9,8
start,burnc002,"Corbin Burnes",1,0,1
play,1,0,nimmb001,12,CFBX,31/G34
play,1,0,marts002,01,SH,HP
play,1,0,lindf001,11,C*B>B,SB2
play,1,0,lindf001,21,C*B>B.X,D7/L7L.2-H
play,1,0,alonp001,12,BFCT,K
play,1,0,voged001,32,BBBCCB,W
play,1,0,mcnej002,20,BBX,7/L7D
play,1,1,brosm001,22,BFBS.X,5/L56
play,1,1,adamw002,31,CBBBB,W
play,1,1,yelic001,32,C*BBFB1S,K
play,1,1,contw002,22,VBSFX,13/G1S
play,2,0,canhm001,02,CFFC,K
play,2,0,narvo001,01,CX,43/G4
play,2,0,guill001,11,BFX,43/G4
play,2,1,voitl001,22,BSBFS,K
play,2,1,andeb006,32,BBCBCFB,W
play,2,1,winkj002,12,FFBX,D9/L9LD+.1-3
play,2,1,millo002,00,X,S7/L56D.3-H;2-3
play,2,1,wiemj001,00,X,HR/F9D.3-H;1-H
play,2,1,brosm001,22,CFBFBF*S,K
play,2,1,adamw002,32,FBF.BBB,W
play,2,1,yelic001,00,1,POCS2(136)
play,3,0,nimmb001,12,CCB*S,K
play,3,0,marts002,02,CSX,D9/F9LS
play,3,0,lindf001,20,*B*BX,S9/L9L.2-H
play,3,0,alonp001,00,X,HR/F89XD.1-H
play,3,0,voged001,32,BCFBBX,3/G3
play,3,0,mcnej002,22,CBBF.X,31/G3
play,3,1,yelic001,12,CBS*S,K
play,3,1,contw002,30,BBBB,W
play,3,1,voitl001,00,X,S7/L78.1-2
play,3,1,andeb006,32,BBCB*SX,9/F89
play,3,1,winkj002,31,C*BBBX,6/L6M
play,4,0,canhm001,00,X,43/G4
play,4,0,narvo001,21,BCBX,S9/L9LS
play,4,0,guill001,32,BCBBCX,43/G34.1-2
play,4,0,nimmb001,20,BBX,63/G6M
play,4,1,millo002,22,CBBFX,31/G3S-
play,4,1,wiemj001,01,CX,63/G6
play,4,1,brosm001,01,CX,S7/L7L+
play,4,1,adamw002,32,1BTB+1SFB.>S,K
play,5,0,marts002,22,SFBFBFFX,8/L8D+
play,5,0,lindf001,12,CCFBX,D9/L9L+
play,5,0,alonp001,22,BC*BCX,HR/L78XD.2-H
play,5,0,voged001,32,BCBFBFB,W
play,5,0,mcnej002,00,,NP
id,MIL202304230
version,2
info,visteam,BOS
info,hometeam,MIL
info,site,MIL06
info,date,2023/04/23
info,number,0
info,gametype,regular
info,starttime,1:10PM
info,daynight,day
info,innings,9
info,tiebreaker,2
info,usedh,true
info,umphome,barrl901
info,ump1b,ramoc901
info,ump2b,marqa901
info,ump3b,eddid901
info,umplf,(none)
info,umprf,(none)
info,inputtime,2023/05/24 09:02:43
info,howscored,unknown
info,pitches,pitches
info,oscorer,olsod701
info,temp,61
info,winddir,unknown
info,windspeed,0
info,fieldcond,unknown
info,precip,none
info,sky,dome
info,timeofgame,182
info,attendance,26939
info,wp,ort-k001
info,lp,bushm001
info,save,
start,verda001,"Alex Verdugo",0,1,9
start,dever001,"Rafael Devers",0,2,5
start,turnj001,"Justin Turner",0,3,10
start,yoshm002,"Masataka Yoshida",0,4,7
start,herne001,"Enrique Hernandez",0,5,4
start,casat001,"Triston Casas",0,6,3
start,duraj001,"Jarren Duran",0,7,8
start,wongc001,"Connor Wong",0,8,2
start,chany001,"Yu Chang",0,9,6
start,bellb002,"Brayan Bello",0,0,1
start,yelic001,"Christian Yelich",1,1,7
start,winkj002,"Jesse Winker",1,2,10
start,adamw002,"Willy Adames",1,3,6
start,tellr001,"Rowdy Tellez",1,4,3
start,andeb006,"Brian Anderson",1,5,5
start,carav001,"Victor Caratini",1,6,2
start,turab002,"Brice Turang",1,7,4
start,wiemj001,"Joey Wiemer",1,8,8
start,perkb002,"Blake Perkins",1,9,9
start,burnc002,"Corbin Burnes",1,0,1
play,1,0,verda001,22,CS.BBX,S1/G2-
play,1,0,dever001,12,SB1F1C,K
play,1,0,turnj001,32,CC1*BBF*B1X,S9/L89S.1-3(E9)
play,1,0,yoshm002,22,BCFFBX,9/SF/F9.3-H(UR)
play,1,0,herne001,22,SBSBX,8/L8XD
play,1,1,yelic001,31,CBBBX,43/G4D
play,1,1,winkj002,10,BX,63/G6M
play,1,1,adamw002,32,CBC.BBB,W
play,1,1,tellr001,00,B,WP.1-2
play,1,1,tellr001,32,B.CFBBFB,W
play,1,1,andeb006,22,.SBBSFS,K
play,2,0,casat001,30,BBBB,W
play,2,0,duraj001,31,BFBBX,S8/G4.1-2
play,2,0,wongc001,00,X,S5/BG25-.2-3;1-2
play,2,0,chany001,11,.ABX,4/L4
play,2,0,verda001,32,B*BFBC.B,W.3-H;2-3;1-2
play,2,0,dever001,20,BBX,9/SF/DP/F89.3-H;2X3(935)
play,2,1,carav001,02,CS.X,63/G4M
play,2,1,turab002,32,BCFVBX,5/L56D
play,2,1,wiemj001,11,FBX,S5/G5S
play,2,1,perkb002,00,X,23/G2-
play,3,0,turnj001,22,CCBBX,9/F89
play,3,0,yoshm002,22,CBBCS,K
play,3,0,herne001,12,CCBFX,D7/G5
play,3,0,casat001,02,SSS,K
play,3,1,yelic001,22,CBBSX,63/G6
play,3,1,winkj002,10,BX,6/F78S
play,3,1,adamw002,02,CTFFX,63/G6
play,4,0,duraj001,22,SBC.BS,K
play,4,0,wongc001,00,X,53/G5S
play,4,0,chany001,12,CFBX,5/L5
play,4,1,tellr001,32,BCBC.BC,K
play,4,1,andeb006,00,X,HR/F89XD
play,4,1,carav001,12,SBS.S,K
play,4,1,turab002,00,X,63/G6MD
play,5,0,verda001,12,CS.BC,K
play,5,0,dever001,00,X,31/G34
play,5,0,turnj001,32,BBCCBB,W
play,5,0,yoshm002,12,SS*BX,3/G3
play,5,1,wiemj001,02,CF.X,D7/L7LD+
play,5,1,perkb002,10,BX,23/SH/BG2-.2-3
play,5,1,yelic001,22,FFFB*BX,S9/G34.3-H
play,5,1,winkj002,32,SBTB1B.X,S39/G3.1-3
play,5,1,adamw002,02,FSX,8/SF/F89D.3-H
play,5,1,tellr001,00,,NP
sub,bleir001,"Richard Bleier",0,0,1
play,5,1,tellr001,12,.CBCS,K
play,6,0,herne001,00,,NP
id,MIL202304290
version,2
info,visteam,ANA
info,hometeam,MIL
info,site,MIL06
info,date,2023/04/29
info,number,0
info,gametype,regular
info,starttime,6:10PM
info,daynight,night
info,innings,9
info,tiebreaker,2
info,usedh,true
info,umphome,becka901
info,ump1b,vondc901
info,ump2b,morag901
info,ump3b,barrs901
info,umplf,(none)
info,umprf,(none)
info,inputtime,2023/09/07 09:04:17
info,howscored,unknown
info,pitches,pitches
info,oscorer,quesd701
info,temp,66
info,winddir,unknown
info,windspeed,0
info,fieldcond,unknown
info,precip,none
info,sky,dome
info,timeofgame,163
info,attendance,39198
info,wp,burnc002
info,lp,detmr001
info,save,willd004
start,netoz001,"Zach Neto",0,1,6
start,troum001,"Mike Trout",0,2,8
start,ohtas001,"Shohei Ohtani",0,3,10
start,renda001,"Anthony Rendon",0,4,5
start,renfh001,"Hunter Renfroe",0,5,9
start,drurb001,"Brandon Drury",0,6,4
start,wardt002,"Taylor Ward",0,7,7
start,urshg001,"Gio Urshela",0,8,3
start,wallc001,"Chad Wallach",0,9,2
start,detmr001,"Reid Detmers",0,0,1
start,yelic001,"Christian Yelich",1,1,7
start,adamw002,"Willy Adames",1,2,6
start,contw002,"William Contreras",1,3,10
start,brosm001,"Mike Brosseau",1,4,5
start,andeb006,"Brian Anderson",1,5,9
start,voitl001,"Luke Voit",1,6,3
start,carav001,"Victor Caratini",1,7,2
start,millo002,"Owen Miller",1,8,4
start,wiemj001,"Joey Wiemer",1,9,8
start,burnc002,"Corbin Burnes",1,0,1
play,1,0,netoz001,00,X,S7/L78
play,1,0,troum001,22,*BBS1F1FX,S7/F7S.1-2
play,1,0,ohtas001,12,SS*BX,36(1)1/GDP/G3.2-3
play,1,0,renda001,32,SBSBB*B,W
play,1,0,renfh001,32,BSCBB>X,2/P2F/FL
play,1,1,yelic001,22,FBFBS,K
play,1,1,adamw002,02,SFS,K
play,1,1,contw002,32,BBSFBC,K
play,2,0,drurb001,00,X,8/F8XD
play,2,0,wardt002,02,CFS,K
play,2,0,urshg001,12,SFBS,K
play,2,1,brosm001,02,SF.X,7/F7
play,2,1,andeb006,12,CFF.BFFS,K
play,2,1,voitl001,22,BSSBC,K
play,3,0,wallc001,12,CBCX,43/G4
play,3,0,netoz001,01,CH,HP
play,3,0,troum001,11,BFX,8/F8XD+
play,3,0,ohtas001,10,B1X,S9/G34.1-3
play,3,0,renda001,12,FBF>FX,7/L7
play,3,1,carav001,32,CFBB.BFFB,W
play,3,1,millo002,21,BFBX,D7/G5.1-3
play,3,1,wiemj001,00,X,63/G6.3-H
play,3,1,yelic001,01,CX,43/G4D.2-3
play,3,1,adamw002,02,CS.X,S8/L8.3-H
play,3,1,contw002,00,B,PB.1-2
play,3,1,contw002,32,B.CFBFBX,D7/L78D+.2-H(UR)
play,3,1,brosm001,22,BFBSX,9/F9S
play,4,0,renfh001,22,BFBFS,K
play,4,0,drurb001,22,BFC.BFF*S,K
play,4,0,wardt002,12,BCSC,K
play,4,1,andeb006,11,BFX,7/F7LD
play,4,1,voitl001,11,FBX,43/G6MD
play,4,1,carav001,00,X,9/F9S
play,5,0,urshg001,01,FX,S6/G6
play,5,0,wallc001,11,*BSX,S9/L89.1-2
play,5,0,netoz001,21,*BS*BX,46(1)/FO/G4.2-3;B-1
play,5,0,troum001,10,BX,7/SF/L78XD.3-H
play,5,0,ohtas001,21,C1B*B1X,43/G34
play,5,1,millo002,32,BFBBFB,W
play,5,1,wiemj001,12,B*SSFX,S5/G56.1-2
play,5,1,yelic001,21,B2*BCX,FC5/G56.2-3;1-2(E5);B-1
play,5,1,adamw002,22,CBS.BC,K
play,5,1,contw002,31,BBBC.*B,W.3-H;2-3;1-2
play,5,1,brosm001,00,,NP
sub,wanta001,"Andrew Wantz",0,0,1
play,5,1,brosm001,00,.,NP
sub,winkj002,"Jesse Winker",1,4,11
play,5,1,winkj002,02,..CFX,S7/L7D+.3-H(UR);2-H;1-2
play,5,1,andeb006,00,,NP
sub,perkb002,"Blake Perkins",1,4,12
play,5,1,andeb006,00,.H,HP.2-3;1-2
play,5,1,voitl001,22,C*BBFFFX,9/F89S
play,5,1,carav001,32,CF.*BBB>B,W.3-H(UR);2-3;1-2
play,5,1,millo002,12,BCSFX,8/F8S
play,6,0,renda001,00,,NP
sub,perkb002,"Blake Perkins",1,4,9
play,6,0,renda001,00,.,NP
sub,andeb006,"Brian Anderson",1,5,5
play,6,0,renda001,21,..CBBX,3/P3F/FL
play,6,0,renfh001,02,SCFX,53/G56D
play,6,0,drurb001,31,BBCBX,8/L8D
play,6,1,wiemj001,00,,NP
sub,barrj003,"Jaime Barria",0,0,1
play,6,1,wiemj001,32,.BCBSBC,K
play,6,1,yelic001,01,CX,43/G34
com,"ej,counc001,M,becka901,Balls and strikes"
com,"$Brewers manager Craig Counsell ejected by HP umpire Adam Beck"
com,"for arguing balls and strikes"
play,6,1,adamw002,12,BC..A.S,K
com,"ej,adamw002,P,becka901,Balls and strikes (pitch clock violation)"
com,"$Brewers shortstop Willy Adames ejected by HP umpire Adam Beck"
com,"for arguing balls and strikes (pitch clock violation)"
play,7,0,wardt002,00,.,NP
sub,turab002,"Brice Turang",1,2,6
play,7,0,wardt002,00,..,NP
id,MIL202305120
version,2
info,visteam,KCA
info,hometeam,MIL
info,site,MIL06
info,date,2023/05/12
info,number,0
info,gametype,regular
info,starttime,7:10PM
info,daynight,night
info,innings,9
info,tiebreaker,2
info,usedh,true
info,umphome,carlm901
info,ump1b,gibsh902
info,ump2b,millb903
info,ump3b,ballb901
info,umplf,(none)
info,umprf,(none)
info,inputtime,2023/06/10 09:05:42
info,howscored,unknown
info,pitches,pitches
info,oscorer,quesd701
info,temp,70
info,winddir,unknown
info,windspeed,0
info,fieldcond,unknown
info,precip,none
info,sky,dome
info,timeofgame,164
info,attendance,24900
info,wp,burnc002
info,lp,taylj001
info,save,
start,wittb002,"Bobby Witt Jr.",0,1,6
start,pasqv001,"Vinnie Pasquantino",0,2,10
start,olive001,"Edward Olivares",0,3,7
start,melem001,"MJ Melendez",0,4,9
start,garcm003,"Maikel Garcia",0,5,4
start,pratn001,"Nick Pratto",0,6,3
start,dozih001,"Hunter Dozier",0,7,5
start,bradj001,"Jackie Bradley Jr.",0,8,8
start,fermf002,"Freddy Fermin",0,9,2
start,taylj001,"Josh Taylor",0,0,1
start,millo002,"Owen Miller",1,1,4
start,contw002,"William Contreras",1,2,2
start,adamw002,"Willy Adames",1,3,6
start,yelic001,"Christian Yelich",1,4,7
start,andeb006,"Brian Anderson",1,5,5
start,voitl001,"Luke Voit",1,6,10
start,tellr001,"Rowdy Tellez",1,7,3
start,taylt002,"Tyrone Taylor",1,8,9
start,wiemj001,"Joey Wiemer",1,9,8
start,burnc002,"Corbin Burnes",1,0,1
play,1,0,wittb002,12,CSBS,K
play,1,0,pasqv001,32,BBFFBB,W
play,1,0,olive001,20,BBX,7/F7D
play,1,0,melem001,32,BBSF*B>X,7/F7S
play,1,1,millo002,32,FCBFBBFC,K
play,1,1,contw002,12,CBS*S,K
play,1,1,adamw002,32,BCCBB.B,W
play,1,1,yelic001,00,>C,SB2.1-3(E2/TH)
play,1,1,yelic001,21,>C.BBX,S6/G6.3-H(UR)
play,1,1,andeb006,10,B1>C,SB2
play,1,1,andeb006,11,B1>C.X,3/G3
play,2,0,garcm003,12,BSCS,K
play,2,0,pratn001,01,CX,S8/G4
play,2,0,dozih001,31,B*B1BCB,W.1-2
play,2,0,bradj001,11,SBX,46(1)/FO/G34.2-3;B-1
play,2,0,fermf002,32,S1BSF.B*B>X,8/F8XD
play,2,1,voitl001,00,,NP
sub,castm003,"Max Castillo",0,0,1
play,2,1,voitl001,32,.BBFBFB,W
play,2,1,tellr001,01,CX,S7/F7S.1-2
play,2,1,taylt002,32,ABBCBX,64(1)3/GDP/G6.2-3
play,2,1,wiemj001,11,*BTX,5/P5SF/FL
play,3,0,wittb002,02,FFS,K
play,3,0,pasqv001,12,CFBX,7/F78S
play,3,0,olive001,32,CCBBBB,W
play,3,0,melem001,31,SB1*BB>B,W.1-2
play,3,0,garcm003,22,FBCBS,K
play,3,1,millo002,02,CFX,HR/F7LD
play,3,1,contw002,00,X,53/G5
play,3,1,adamw002,32,BBBS.SC,K
play,3,1,yelic001,10,BX,13/L4MS
play,4,0,pratn001,32,CBFBBX,8/F8S
play,4,0,dozih001,12,CSB.X,S7/L78
play,4,0,bradj001,12,CC*BS,K
play,4,0,fermf002,01,FX,8/L89
play,4,1,andeb006,12,CFBX,S8/L8
play,4,1,voitl001,02,SCS,K
play,4,1,tellr001,11,C1BX,13/G23.1-2
play,4,1,taylt002,10,BX,S8/L8.2-H;B-2
play,4,1,wiemj001,22,SBCFFFFBS,K
play,5,0,wittb002,32,CFB.BBFFX,8/L89D
play,5,0,pasqv001,21,FBBX,3/G3
play,5,0,olive001,10,BX,31/G34
play,5,1,millo002,01,FX,D9/L9L
play,5,1,contw002,30,BBBB,W
play,5,1,adamw002,11,CBX,63/G6.2-3;1-2
play,5,1,yelic001,30,BBBV,IW
play,5,1,andeb006,01,FX,12(3)3/GDP/G1S-
play,6,0,melem001,22,SFBBC,K
play,6,0,garcm003,11,BFX,8/F8XD
play,6,0,pratn001,02,CCC,K
play,6,1,voitl001,32,BBFFFB.X,S7/L7
play,6,1,tellr001,32,BBCFFFBFF>S,K+SB2
play,6,1,taylt002,00,,NP
sub,cuasj001,"Jose Cuas",0,0,1
play,6,1,taylt002,12,.BFCFS,K
play,6,1,wiemj001,01,CX,9/F89
play,7,0,dozih001,00,,NP
id,MIL202305220
version,2
info,visteam,HOU
info,hometeam,MIL
info,site,MIL06
info,date,2023/05/22
info,number,0
info,gametype,regular
info,starttime,6:40PM
info,daynight,night
info,innings,9
info,tiebreaker,2
info,usedh,true
info,umphome,belld901
info,ump1b,willr901
info,ump2b,rippm901
info,ump3b,lives901
info,umplf,(none)
info,umprf,(none)
info,inputtime,2023/06/16 09:05:20
info,howscored,unknown
info,pitches,pitches
info,oscorer,olsod701
info,temp,69
info,winddir,fromcf
info,windspeed,10
info,fieldcond,unknown
info,precip,none
info,sky,cloudy
info,timeofgame,161
info,attendance,22583
info,wp,javic001
info,lp,burnc002
info,save,
start,dubom001,"Mauricio Dubon",0,1,4
start,brega001,"Alex Bregman",0,2,5
start,alvay001,"Yordan Alvarez",0,3,10
start,tuckk001,"Kyle Tucker",0,4,9
start,abrej003,"Jose Abreu",0,5,3
start,penaj004,"Jeremy Pena",0,6,6
start,julkc001,"Corey Julks",0,7,7
start,meyej002,"Jake Meyers",0,8,8
start,maldm001,"Martin Maldonado",0,9,2
start,javic001,"Cristian Javier",0,0,1
start,yelic001,"Christian Yelich",1,1,7
start,winkj002,"Jesse Winker",1,2,10
start,adamw002,"Willy Adames",1,3,6
start,tellr001,"Rowdy Tellez",1,4,3
start,contw002,"William Contreras",1,5,2
start,andeb006,"Brian Anderson",1,6,9
start,turab002,"Brice Turang",1,7,4
start,millo002,"Owen Miller",1,8,5
start,taylt002,"Tyrone Taylor",1,9,8
start,burnc002,"Corbin Burnes",1,0,1
play,1,0,dubom001,12,BFF.X,7/F78
play,1,0,brega001,31,CBBBX,8/F78XD
play,1,0,alvay001,30,BBBB,W
play,1,0,tuckk001,31,*BCBBB,W.1-2
play,1,0,abrej003,12,SBFX,9/F9S
play,1,1,yelic001,32,CBBTFBX,7/F7LD
play,1,1,winkj002,10,BX,8/F8D
play,1,1,adamw002,32,BSBC.BFS,K
play,2,0,penaj004,12,FFBFC,K
play,2,0,julkc001,21,BBCX,HR/L78XD
play,2,0,meyej002,12,FF.BX,9/F89D
play,2,0,maldm001,21,BCBX,HR/F7LD
play,2,0,dubom001,00,X,63/G6
play,2,1,tellr001,11,CBX,HR/F78XD
play,2,1,contw002,22,BCCBX,S7/F7LS
play,2,1,andeb006,20,BBX,7/F78
play,2,1,turab002,12,CSBS,K
play,2,1,millo002,22,BBC1FX,8/F8XD
play,3,0,brega001,31,CBBBX,4/P4D
play,3,0,alvay001,01,CX,3/G3
play,3,0,tuckk001,12,FBF*S,K
play,3,1,taylt002,12,SBFC,K
play,3,1,yelic001,20,BBX,7/L7LD
play,3,1,winkj002,32,BCFBB.B,W
play,3,1,adamw002,22,SF*BBX,6/P56D
play,4,0,abrej003,10,BX,S9/L89
play,4,0,penaj004,02,CCX,9/L9D
play,4,0,julkc001,22,*BFS*BX,S9/L9S.1-2
play,4,0,meyej002,00,B,WP.2-3;1-2
play,4,0,meyej002,10,B.X,53/G5.3-H
play,4,0,maldm001,32,B*BSF.*BC,K
play,4,1,tellr001,01,CX,S9/L9
play,4,1,contw002,30,*BBBX,3/P23F/FL
play,4,1,andeb006,31,BSBBX,4/P34
play,4,1,turab002,12,SFBX,7/F7LS
play,5,0,dubom001,10,BX,HR/F78XD
play,5,0,brega001,21,BBCX,8/F8D
play,5,0,alvay001,10,BX,HR/F89XD
play,5,0,tuckk001,12,FBSS,K
play,5,0,abrej003,02,FFX,S8/L8S
play,5,0,penaj004,22,FBSFF*BS,K
play,5,1,millo002,12,CBSS,K
play,5,1,taylt002,22,BSFBX,6/L6D+
play,5,1,yelic001,20,BBX,S9/L9D
play,5,1,winkj002,00,X,8/F8S
play,6,0,julkc001,00,,NP
id,MIL202305270
version,2
info,visteam,SFN
info,hometeam,MIL
info,site,MIL06
info,date,2023/05/27
info,number,0
info,gametype,regular
info,starttime,3:10PM
info,daynight,day
info,innings,9
info,tiebreaker,2
info,usedh,true
info,umphome,fairc901
info,ump1b,lentn901
info,ump2b,ramoc901
info,ump3b,rehaj901
info,umplf,(none)
info,umprf,(none)
info,inputtime,2023/06/19 09:03:47
info,howscored,unknown
info,pitches,pitches
info,oscorer,quesd701
info,temp,70
info,winddir,ltor
info,windspeed,5
info,fieldcond,unknown
info,precip,none
info,sky,sunny
info,timeofgame,153
info,attendance,39269
info,wp,webbl001
info,lp,strzp001
info,save,dovac001
start,wadel001,"LaMonte Wade Jr.",0,1,3
start,sabob001,"Blake Sabol",0,2,10
start,davij006,"J.D. Davis",0,3,5
start,confm001,"Michael Conforto",0,4,9
start,hanim001,"Mitch Haniger",0,5,7
start,yastm001,"Mike Yastrzemski",0,6,8
start,schmc003,"Casey Schmitt",0,7,6
start,bailp001,"Patrick Bailey",0,8,2
start,wiseb001,"Brett Wisely",0,9,4
start,webbl001,"Logan Webb",0,0,1
start,yelic001,"Christian Yelich",1,1,7
start,millo002,"Owen Miller",1,2,4
start,tellr001,"Rowdy Tellez",1,3,3
start,andeb006,"Brian Anderson",1,4,5
start,winkj002,"Jesse Winker",1,5,10
start,taylt002,"Tyrone Taylor",1,6,9
start,turab002,"Brice Turang",1,7,6
start,carav001,"Victor Caratini",1,8,2
start,wiemj001,"Joey Wiemer",1,9,8
start,burnc002,"Corbin Burnes",1,0,1
play,1,0,wadel001,22,CSBFBX,S9/L9
play,1,0,sabob001,02,FCX,53/G6MS.1-2
play,1,0,davij006,32,BFBBS*B,W
play,1,0,confm001,10,B2,PO2(E1/TH).2-3
play,1,0,confm001,20,B2.BX,9/SF/F9D.3-H
play,1,0,hanim001,12,C*B1SX,S7/L7S.1-2
play,1,0,yastm001,32,*BBBCF>F>C,K
play,1,1,yelic001,20,BBX,31/G3
play,1,1,millo002,02,CCC,K
play,1,1,tellr001,11,CBX,63/G6M
play,2,0,schmc003,21,BSBX,8/L8XD+
play,2,0,bailp001,12,CCBS,K
play,2,0,wiseb001,12,FBS.X,43/G34
play,2,1,andeb006,12,FCBX,13/G1-
play,2,1,winkj002,01,CX,7/L7
play,2,1,taylt002,12,FBSFFFS,K
play,3,0,wadel001,00,X,9/F9L
play,3,0,sabob001,22,BSCFBX,7/L78
play,3,0,davij006,32,SBF.FBFBS,K
play,3,1,turab002,22,BFS.BX,43/G4D
play,3,1,carav001,32,CCB.BBS,K
play,3,1,wiemj001,22,CBCBS,K+PB.B-1
play,3,1,yelic001,01,S1>S,SB2
play,3,1,yelic001,02,S1>S.S,K
play,4,0,confm001,12,FF.BS,K
play,4,0,hanim001,00,X,S8/L8
play,4,0,yastm001,02,FFF1S,K
play,4,0,schmc003,30,*B1BBB,W.1-2
play,4,0,bailp001,12,BCC.S,K
play,4,1,millo002,01,FX,3/P3F/FL
play,4,1,tellr001,22,BCFFBX,S9/G34
play,4,1,andeb006,01,CX,S9/L9+.1-2
play,4,1,winkj002,32,C*BFBB.S,K
play,4,1,taylt002,01,SX,5(2)/FO/G5.B-1
play,5,0,wiseb001,22,CBFFBS,K
play,5,0,wadel001,11,BCX,5/P5SF/FL
play,5,0,sabob001,00,X,31/G3
play,5,1,turab002,12,BCCFS,K
play,5,1,carav001,02,FSS,K
play,5,1,wiemj001,22,BC.BSX,4/P4D
play,6,0,davij006,02,CCT,K
play,6,0,confm001,12,FBS.FX,53/G56
play,6,0,hanim001,01,FX,9/F9
play,6,1,yelic001,02,CFS,K
play,6,1,millo002,32,CBBFBB,W
play,6,1,tellr001,12,C+1BFF>B,SB2
play,6,1,tellr001,22,C+1BFF>B.X,7/F7
play,6,1,andeb006,32,SS.FFBBBC,K
play,7,0,yastm001,21,SBBX,S9/L9
play,7,0,schmc003,01,FX,9/L89D
play,7,0,bailp001,01,S1X,4/L34D
play,7,0,wiseb001,32,B1BC1BC>F>B,W.1-2
play,7,0,wadel001,01,FX,9/F89D
play,7,1,winkj002,22,CBFBS,K
play,7,1,taylt002,00,X,53/G5
play,7,1,turab002,10,BX,T9/G3
play,7,1,carav001,21,BC*BX,S9/L9L+.3-H;BX2(96)
play,8,0,sabob001,00,,NP
id,MIL202306070
version,2
info,visteam,BAL
info,hometeam,MIL
info,site,MIL06
info,date,2023/06/07
info,number,0
info,gametype,regular
info,starttime,6:40PM
info,daynight,night
info,innings,9
info,tiebreaker,2
info,usedh,true
info,umphome,wendh902
info,ump1b,walsb901
info,ump2b,blakr901
info,ump3b,hudsm901
info,umplf,(none)
info,umprf,(none)
info,inputtime,2023/07/20 09:06:35
info,howscored,unknown
info,pitches,pitches
info,oscorer,olsod701
info,temp,70
info,winddir,ltor
info,windspeed,16
info,fieldcond,unknown
info,precip,none
info,sky,dome
info,timeofgame,151
info,attendance,22320
info,wp,burnc002
info,lp,kremd001
info,save,
start,fraza001,"Adam Frazier",0,1,4
start,rutsa001,"Adley Rutschman",0,2,2
start,haysa001,"Austin Hays",0,3,7
start,santa003,"Anthony Santander",0,4,9
start,hicka001,"Aaron Hicks",0,5,8
start,hendg002,"Gunnar Henderson",0,6,5
start,ohear001,"Ryan O'Hearn",0,7,3
start,lestj002,"Josh Lester",0,8,10
start,matej003,"Jorge Mateo",0,9,6
start,kremd001,"Dean Kremer",0,0,1
start,yelic001,"Christian Yelich",1,1,7
start,adamw002,"Willy Adames",1,2,6
start,tellr001,"Rowdy Tellez",1,3,3
start,millo002,"Owen Miller",1,4,5
start,singj001,"Jon Singleton",1,5,10
start,andeb006,"Brian Anderson",1,6,9
start,monaa001,"Andruw Monasterio",1,7,4
start,carav001,"Victor Caratini",1,8,2
start,wiemj001,"Joey Wiemer",1,9,8
start,burnc002,"Corbin Burnes",1,0,1
play,1,0,fraza001,02,CSS,K
play,1,0,rutsa001,12,CF.FBFX,53/G6
play,1,0,haysa001,02,CCS,K
play,1,1,yelic001,22,CSBFBFS,K
play,1,1,adamw002,31,BBBCX,HR/F78XD
play,1,1,tellr001,31,BBFBX,8/L89XD
play,1,1,millo002,11,CBX,53/G56
play,2,0,santa003,11,BFX,63/G6M
play,2,0,hicka001,12,BCS.X,S7/L7S
play,2,0,hendg002,20,BBX,6/L4MD/DP.1X1(63)
play,2,1,singj001,01,CX,63/G6MS
play,2,1,andeb006,32,CSBBBS,K
play,2,1,monaa001,31,BBCBX,53/G56
play,3,0,ohear001,32,BCBS.BS,K+WP.B-1
play,3,0,lestj002,01,FX,7/F78
play,3,0,matej003,00,X,8/F8XD+
play,3,0,fraza001,01,*SX,3/G3
play,3,1,carav001,00,X,S7/G5
play,3,1,wiemj001,00,X,HR/F89XD.1-H
play,3,1,yelic001,02,CFX,7/F7
play,3,1,adamw002,01,SX,D7/L7L
play,3,1,tellr001,12,CBCX,7/F56D
play,3,1,millo002,12,BFSX,1/G23
play,4,0,rutsa001,01,CX,43/G4
play,4,0,haysa001,20,BBX,8/F8D
play,4,0,santa003,11,BFX,3/P3F/FL
play,4,1,singj001,32,CBBCBX,8/F78D
play,4,1,andeb006,12,CBFH,HP
play,4,1,monaa001,22,BBC1FS,K
play,4,1,carav001,00,X,S8/G4M.1-2
play,4,1,wiemj001,11,CBX,S9/F89S.2-H;1-3
play,4,1,yelic001,22,*BFBC.1S,K
play,5,0,hicka001,12,CFBC,K
play,5,0,hendg002,22,BCCFBFX,S5/G5S-
play,5,0,ohear001,22,B1*S1F*BFC,K
com,"ej,hydeb801,M,wendh902,Called third strike"
com,"$Orioles manager Brandon Hyde ejected by HP umpire Hunter Wendelstedt"
com,"for arguing called third strike"
play,5,0,lestj002,22,.*BF1SFF*BFS,K
play,5,1,adamw002,12,CCBS,K
play,5,1,tellr001,32,BBCBFX,63/G6
play,5,1,millo002,00,X,S7/L78
play,5,1,singj001,21,BBCX,D7/L7LD.1-H
play,5,1,andeb006,01,F.X,S8/G6M.2-H
play,5,1,monaa001,21,*BBFX,53/G56
play,6,0,matej003,02,CCFX,53/G56S
play,6,0,fraza001,11,BCX,5/P5F/FL
play,6,0,rutsa001,02,CC.C,K
play,6,1,carav001,00,,NP
sub,zimmb002,"Bruce Zimmermann",0,0,1
play,6,1,carav001,12,.SC.BH,HP
play,6,1,wiemj001,00,X,D7/L78XD+.1-3
play,6,1,yelic001,02,SCFS,K
play,6,1,adamw002,12,FCBS,K
play,6,1,tellr001,32,C*BBBFFX,43/G34
play,7,0,haysa001,01,CX,63/G6
play,7,0,santa003,02,CC*S,K
play,7,0,hicka001,12,CF.BS,K
play,7,1,millo002,01,CX,9/F89
play,7,1,singj001,00,,NP
sub,contw002,"William Contreras",1,5,11
play,7,1,contw002,10,.BX,S9/L89+
play,7,1,andeb006,00,X,S67/G6M.1-3
play,7,1,monaa001,21,*BCBX,D9/L9LS.3-H;1-3
play,7,1,carav001,20,BBX,9/SF/F9D.3-H;2-3
play,7,1,wiemj001,11,SBX,HR/F7LD.3-H
play,7,1,yelic001,01,SX,S7/L78+
play,7,1,adamw002,00,,NP
sub,perkb002,"Blake Perkins",1,1,12
play,7,1,adamw002,12,.S*SBFX,63/G6
play,8,0,hendg002,00,,NP
sub,perkb002,"Blake Perkins",1,1,7
play,8,0,hendg002,11,..BCX,8/L89D
play,8,0,ohear001,21,BBSX,31/G3
play,8,0,lestj002,12,BCSX,31/G34S
com,"$Brewers challenged (play at 1st), call on the field was overturned."
play,8,1,tellr001,00,,NP
sub,uriar001,"Ramon Urias",0,1,4
play,8,1,tellr001,00,.,NP
sub,mcker001,"Ryan McKenna",0,4,9
play,8,1,tellr001,20,..BBX,3E1/G3.B-1
play,8,1,millo002,22,FBFBC,K
play,8,1,contw002,21,CBBX,S7/L78+.1-2
play,8,1,andeb006,10,BX,9/F9LD
play,8,1,monaa001,22,CBBFS,K
play,9,0,matej003,00,,NP
id,MIL202306190
version,2
info,visteam,ARI
info,hometeam,MIL
info,site,MIL06
info,date,2023/06/19
info,number,0
info,gametype,regular
info,starttime,7:10PM
info,daynight,night
info,innings,9
info,tiebreaker,2
info,usedh,true
info,umphome,drecb901
info,ump1b,sches901
info,ump2b,thomd901
info,ump3b,moorm901
info,umplf,(none)
info,umprf,(none)
info,inputtime,2023/07/01 09:05:00
info,howscored,unknown
info,pitches,pitches
info,oscorer,odrit701
info,temp,79
info,winddir,unknown
info,windspeed,1
info,fieldcond,unknown
info,precip,none
info,sky,sunny
info,timeofgame,147
info,attendance,24257
info,wp,kellm002
info,lp,burnc002
info,save,
start,perdg001,"Geraldo Perdomo",0,1,6
start,martk001,"Ketel Marte",0,2,4
start,carrc005,"Corbin Carroll",0,3,7
start,walkc002,"Christian Walker",0,4,3
start,gurrl001,"Lourdes Gurriel Jr.",0,5,10
start,rivee001,"Emmanuel Rivera",0,6,5
start,moreg001,"Gabriel Moreno",0,7,2
start,thoma004,"Alek Thomas",0,8,8
start,mccaj003,"Jake McCarthy",0,9,9
start,kellm002,"Merrill Kelly",0,0,1
start,yelic001,"Christian Yelich",1,1,7
start,winkj002,"Jesse Winker",1,2,10
start,adamw002,"Willy Adames",1,3,6
start,tellr001,"Rowdy Tellez",1,4,3
start,millo002,"Owen Miller",1,5,4
start,tapir001,"Raimel Tapia",1,6,9
start,andeb006,"Brian Anderson",1,7,5
start,carav001,"Victor Caratini",1,8,2
start,wiemj001,"Joey Wiemer",1,9,8
start,burnc002,"Corbin Burnes",1,0,1
play,1,0,perdg001,00,X,D9/G34
play,1,0,martk001,00,X,S9/L9+.2-3
play,1,0,carrc005,31,BFB*B1B,W.1-2
play,1,0,walkc002,12,CB*SX,S8/F8S.3-H;2-3;1-2
play,1,0,gurrl001,01,FX,S9/L9LS.3-H;2-H;1-3
play,1,0,rivee001,32,CFBF*BFB1FX,46(1)/FO/G34.3-H;B-1
com,"$D-backs challenged (play at 1st), call on the field was overturned."
play,1,0,moreg001,02,CCC,K
play,1,0,thoma004,11,BCX,HR/F9D.1-H
play,1,0,mccaj003,10,BX,31/G3
play,1,1,yelic001,22,BCSFBS,K
play,1,1,winkj002,32,FBSBFBC,K
play,1,1,adamw002,32,SBBBFX,9/F9S
play,2,0,perdg001,22,BBCFX,9/F9
play,2,0,martk001,10,BX,9/F89S
play,2,0,carrc005,10,BX,63/G4M
play,2,1,tellr001,32,BBCFFBX,8/L78D
play,2,1,millo002,01,CX,8/L8D
play,2,1,tapir001,02,CFS,K
play,3,0,walkc002,32,FF.BBFBX,7/L78D
play,3,0,gurrl001,10,BX,7/F78D
play,3,0,rivee001,01,FX,63/G6
play,3,1,andeb006,32,BBCS.BB,W
play,3,1,carav001,10,BX,9/F9LD
play,3,1,wiemj001,11,BCX,8/F8D
play,3,1,yelic001,01,S1X,T9/G3+.1-H
play,3,1,winkj002,10,BX,43/G34
play,4,0,moreg001,21,SBBX,8/F8XD+
play,4,0,thoma004,10,BX,S9/L89S
play,4,0,mccaj003,00,X,S7/F7LS.1-2
play,4,0,perdg001,31,BBBCB,W.2-3;1-2
play,4,0,martk001,11,FBX,43/G34.3-H;2-3;1-2
play,4,0,carrc005,12,BCFX,7/F78XD
play,4,1,adamw002,12,CCFBT,K
play,4,1,tellr001,02,CS.S,K
play,4,1,millo002,02,CFX,9/F89S
play,5,0,walkc002,21,BSBX,D9/F9D+
play,5,0,gurrl001,02,CCX,FC/G56.2X3(65);B-1
play,5,0,rivee001,22,FBBFS,K
play,5,0,moreg001,22,BSBFS,K
play,5,1,tapir001,01,CX,8/F8XD
play,5,1,andeb006,10,BX,S8/L8+
play,5,1,carav001,02,CFFX,46(1)3/GDP/G34+
play,6,0,thoma004,00,,NP
id,MIL202307070
version,2
info,visteam,CIN
info,hometeam,MIL
info,site,MIL06
info,date,2023/07/07
info,number,0
info,gametype,regular
info,starttime,7:10PM
info,daynight,night
info,innings,9
info,tiebreaker,2
info,usedh,true
info,umphome,blakr901
info,ump1b,tumpj901
info,ump2b,rackd901
info,ump3b,ramoc901
info,umplf,(none)
info,umprf,(none)
info,inputtime,2023/07/10 07:14:29
info,howscored,unknown
info,pitches,pitches
info,oscorer,quesd701
info,temp,77
info,winddir,unknown
info,windspeed,0
info,fieldcond,unknown
info,precip,none
info,sky,dome
info,timeofgame,177
info,attendance,30970
info,wp,burnc002
info,lp,abboa001
info,save,willd004
start,friet001,"TJ Friedl",0,1,8
start,mclam001,"Matt McLain",0,2,6
start,indij001,"Jonathan India",0,3,4
start,delae003,"Elly De La Cruz",0,4,5
start,fralj001,"Jake Fraley",0,5,9
start,vottj001,"Joey Votto",0,6,3
start,stees001,"Spencer Steer",0,7,7
start,bensw001,"Will Benson",0,8,10
start,maill001,"Luke Maile",0,9,2
start,abboa001,"Andrew Abbott",0,0,1
start,yelic001,"Christian Yelich",1,1,7
start,contw002,"William Contreras",1,2,10
start,adamw002,"Willy Adames",1,3,6
start,millo002,"Owen Miller",1,4,3
start,perkb002,"Blake Perkins",1,5,9
start,monaa001,"Andruw Monasterio",1,6,4
start,andeb006,"Brian Anderson",1,7,5
start,carav001,"Victor Caratini",1,8,2
start,wiemj001,"Joey Wiemer",1,9,8
start,burnc002,"Corbin Burnes",1,0,1
play,1,0,friet001,01,CX,6/P78S
play,1,0,mclam001,02,TCS,K
play,1,0,indij001,22,BBCS.C,K
play,1,1,yelic001,22,CFBBC,K
play,1,1,contw002,02,CFX,D7/L7D+
play,1,1,adamw002,10,BX,D8/L8XD+.2-H
play,1,1,millo002,12,2FFF*BX,D7/L78XD.2-H
play,1,1,perkb002,00,X,3/P3S
play,1,1,monaa001,22,CBSBS,K
play,2,0,delae003,00,X,43/G34D
play,2,0,fralj001,12,CBFS,K
play,2,0,vottj001,12,FFBT,K
play,2,1,andeb006,21,CBBX,9/F9L
play,2,1,carav001,31,BCBBB,W
play,2,1,wiemj001,11,*BCX,HR/F78XD+.1-H
play,2,1,yelic001,02,CSF.X,43/G4
play,2,1,contw002,11,CBX,23/G2-
play,3,0,stees001,22,SBBFX,53/G56
play,3,0,bensw001,21,CBBX,3/G3
play,3,0,maill001,20,BBX,8/F8
play,3,1,adamw002,11,FBX,9/F9S
play,3,1,millo002,22,BBFFX,S9/L9
play,3,1,perkb002,01,CX,8/F8XD
play,3,1,monaa001,20,B1BX,3/P3
play,4,0,friet001,30,BBBB,W
play,4,0,mclam001,12,FC*BX,64(1)/FO/G6M.B-1
play,4,0,indij001,11,B11C1,PO1(13)
play,4,0,indij001,32,B11C1.BFBS,K
play,4,1,andeb006,00,X,T8/F8XD+
play,4,1,carav001,32,CBS.*BF*BS,K
play,4,1,wiemj001,12,CSBS,K
play,4,1,yelic001,12,FBFS,K
play,5,0,delae003,12,BCSX,S7/F7S
play,5,0,fralj001,12,F1BSC,K
play,5,0,vottj001,00,1>S,SB2
play,5,0,vottj001,01,1>S.X,HR/F9D.2-H
play,5,0,stees001,31,CBBBB,W
play,5,0,bensw001,32,CB1*BCB.B,W.1-2
play,5,0,maill001,22,BFBFX,7/F78D
play,5,0,friet001,20,*B*BX,31/G34
play,5,1,contw002,11,CBX,S7/L7
play,5,1,adamw002,31,BBFBX,HR/F7D+.1-H
play,5,1,millo002,01,CX,S8/L8S
play,5,1,perkb002,32,CBBBF1S,K
play,5,1,monaa001,00,,NP
sub,law-d001,"Derek Law",0,0,1
play,5,1,monaa001,00,.,NP
sub,turab002,"Brice Turang",1,6,11
play,5,1,turab002,12,..CCFB1X,S9/L89S.1-2
play,5,1,andeb006,00,X,64(1)3/GDP/G6
play,6,0,mclam001,00,,NP
sub,turab002,"Brice Turang",1,6,4
play,6,0,mclam001,32,.BCS.BBX,S7/L7
play,6,0,indij001,02,CFX,64(1)3/GDP/G56
play,6,0,delae003,31,BBCBB,W
play,6,0,fralj001,10,BX,9/F89
play,6,1,carav001,22,BFBF.S,K
play,6,1,wiemj001,11,F.BX,S6/G6
play,6,1,yelic001,32,1BFB1S*B>X,S7/L56D.1-2
play,6,1,contw002,00,,NP
sub,cruzf002,"Fernando Cruz",0,0,1
play,6,1,contw002,32,.BBBC.C*B,W.2-3;1-2
play,6,1,adamw002,00,X,2/P2F/FL
play,6,1,millo002,00,X,9/F89
play,7,0,vottj001,00,,NP
id,MIL202307250
version,2
info,visteam,CIN
info,hometeam,MIL
info,site,MIL06
info,date,2023/07/25
info,number,0
info,gametype,regular
info,starttime,7:10PM
info,daynight,night
info,innings,9
info,tiebreaker,2
info,usedh,true
info,umphome,gonzm901
info,ump1b,johna901
info,ump2b,wolcq901
info,ump3b,valej901
info,umplf,(none)
info,umprf,(none)
info,inputtime,2023/07/29 12:23:06
info,howscored,unknown
info,pitches,pitches
info,oscorer,quesd701
info,temp,85
info,winddir,ltor
info,windspeed,10
info,fieldcond,unknown
info,precip,none
info,sky,sunny
info,timeofgame,193
info,attendance,27551
info,wp,abboa001
info,lp,burnc002
info,save,diaza004
start,delae003,"Elly De La Cruz",0,1,5
start,friet001,"TJ Friedl",0,2,8
start,mclam001,"Matt McLain",0,3,6
start,fralj001,"Jake Fraley",0,4,10
start,indij001,"Jonathan India",0,5,4
start,vottj001,"Joey Votto",0,6,3
start,stees001,"Spencer Steer",0,7,7
start,bensw001,"Will Benson",0,8,9
start,maill001,"Luke Maile",0,9,2
start,abboa001,"Andrew Abbott",0,0,1
start,yelic001,"Christian Yelich",1,1,7
start,contw002,"William Contreras",1,2,10
start,adamw002,"Willy Adames",1,3,6
start,monaa001,"Andruw Monasterio",1,4,5
start,wiemj001,"Joey Wiemer",1,5,8
start,millo002,"Owen Miller",1,6,3
start,carav001,"Victor Caratini",1,7,2
start,jonej007,"Jahmai Jones",1,8,4
start,perkb002,"Blake Perkins",1,9,9
start,burnc002,"Corbin Burnes",1,0,1
play,1,0,delae003,12,BFFS,K
play,1,0,friet001,21,CBBX,563/G6
play,1,0,mclam001,01,TX,S6/G56
play,1,0,fralj001,11,B1CX,43/G34
play,1,1,yelic001,00,X,63/G6M
play,1,1,contw002,02,CSFX,S8/G6M
play,1,1,adamw002,12,BFFC,K
play,1,1,monaa001,02,1CSS,K
play,2,0,indij001,12,BCS*S,K
play,2,0,vottj001,31,BBCBX,3/G3
play,2,0,stees001,01,FX,53/G5
play,2,1,wiemj001,01,CX,S8/G6M
play,2,1,millo002,10,BX,9/L9L
play,2,1,carav001,01,F1N,BK.1-2
play,2,1,carav001,32,F1N.B2F.BBX,S7/L78.2-3
play,2,1,jonej007,12,BFFS,K
play,2,1,perkb002,12,BCCF1,POCS2(134)
com,"$Reds challenged (tag play), call on the field was overturned."
play,3,0,bensw001,32,BBBCCC,K
play,3,0,maill001,22,CBCBX,63/G6
play,3,0,delae003,11,BCX,9/F89
play,3,1,perkb002,22,BCBCT,K
play,3,1,yelic001,22,CBFBX,S3/G3
play,3,1,contw002,12,1CFFBFX,53/G5.1-2
play,3,1,adamw002,22,FBFBFS,K
play,4,0,friet001,22,BCBS.H,HP
play,4,0,mclam001,31,BB1BC*B,W.1-2
play,4,0,fralj001,32,BSFBBFS,K
play,4,0,indij001,01,CX,S5/G5.2-H;1-3
play,4,0,vottj001,12,BFFX,S8/L8.3-H;1-2
play,4,0,stees001,02,CCC,K
play,4,0,bensw001,02,CFX,13/G1S
play,4,1,monaa001,12,BCCX,S9/L9S
play,4,1,wiemj001,02,CF1S,K
play,4,1,millo002,21,BSB1X,3/P2
play,4,1,carav001,22,1BBSF.X,D9/L9LD.1XH(942)
play,5,0,maill001,21,FBBX,9/F89D
play,5,0,delae003,12,CSBX,8/F8D
play,5,0,friet001,22,BCFBX,31/G3
play,5,1,jonej007,22,BBCS.C,K
play,5,1,perkb002,22,BFLBS,K
play,5,1,yelic001,12,BCSF.X,S9/L9
play,5,1,contw002,22,*SBBFS,K
play,6,0,mclam001,22,CFBBX,63/G6
play,6,0,fralj001,12,FS.BF*S,K
play,6,0,indij001,11,SBX,9/F89
play,6,1,adamw002,32,BBBCC.B,W
play,6,1,monaa001,02,SF1FX,53/G56.1-2
play,6,1,wiemj001,32,FFBBF*BX,53/G56.2-3
play,6,1,millo002,22,CBCBFFFX,13/G1
play,7,0,vottj001,00,,NP
id,MIL202308050
version,2
info,visteam,PIT
info,hometeam,MIL
info,site,MIL06
info,date,2023/08/05
info,number,0
info,gametype,regular
info,starttime,6:10PM
info,daynight,night
info,innings,9
info,tiebreaker,2
info,usedh,true
info,umphome,rackd901
info,ump1b,tomln901
info,ump2b,guccc901
info,ump3b,mosce901
info,umplf,(none)
info,umprf,(none)
info,inputtime,2023/08/12 12:30:46
info,howscored,unknown
info,pitches,pitches
info,oscorer,odrit701
info,temp,75
info,winddir,ltor
info,windspeed,5
info,fieldcond,unknown
info,precip,none
info,sky,cloudy
info,timeofgame,179
info,attendance,35250
info,wp,willd004
info,lp,perda001
info,save,
start,palaj001,"Josh Palacios",0,1,8
start,reynb001,"Bryan Reynolds",0,2,7
start,mccua001,"Andrew McCutchen",0,3,10
start,davih001,"Henry Davis",0,4,9
start,rivaa001,"Alfonso Rivas",0,5,3
start,hayek001,"Ke'Bryan Hayes",0,6,5
start,pegul001,"Liover Peguero",0,7,4
start,willa005,"Alika Williams",0,8,6
start,delaj004,"Jason Delay",0,9,2
start,faltb001,"Bailey Falter",0,0,1
start,yelic001,"Christian Yelich",1,1,7
start,contw002,"William Contreras",1,2,10
start,santc002,"Carlos Santana",1,3,3
start,adamw002,"Willy Adames",1,4,6
start,taylt002,"Tyrone Taylor",1,5,9
start,monaa001,"Andruw Monasterio",1,6,5
start,carav001,"Victor Caratini",1,7,2
start,turab002,"Brice Turang",1,8,4
start,wiemj001,"Joey Wiemer",1,9,8
start,burnc002,"Corbin Burnes",1,0,1
play,1,0,palaj001,22,BBCFFX,1/G23
play,1,0,reynb001,12,CBC.FS,K
play,1,0,mccua001,32,CFBBBX,63/G56
play,1,1,yelic001,31,BBBCB,W
play,1,1,contw002,12,CS*B1S,K
play,1,1,santc002,00,>B,SB2
play,1,1,santc002,10,>B.X,9/L9L
play,1,1,adamw002,32,CBC*BB.FFX,7/F7S
play,2,0,davih001,12,FBSX,3/P3S
play,2,0,rivaa001,01,FX,43/G4
play,2,0,hayek001,11,FBX,9/F9
play,2,1,taylt002,11,BFX,S7/L78
play,2,1,monaa001,01,FX,4(1)3/GDP/G4M
play,2,1,carav001,20,BBX,D7/F7L
play,2,1,turab002,01,CX,4/L4D
play,3,0,pegul001,12,CFB*S,K
play,3,0,willa005,32,CBS.FBBB,W
play,3,0,delaj004,22,C1F1B*BS,K
play,3,0,palaj001,01,F1X,63/G6
play,3,1,wiemj001,00,X,S9/L9S
play,3,1,yelic001,22,FCBF>FBF1S,K
play,3,1,contw002,31,SB1*BBX,54(1)3/GDP/G56
play,4,0,reynb001,02,FCFX,9/L89+
play,4,0,mccua001,12,BSFX,53/G6S
play,4,0,davih001,32,BBFFBX,7/L78D
play,4,1,santc002,11,CBX,8/F8D
play,4,1,adamw002,00,X,S8/L78S
play,4,1,taylt002,11,BFX,3/P3F/FL
play,4,1,monaa001,12,C*BCF1X,54(1)/FO/G5.B-1
play,5,0,rivaa001,22,CBS.BX,6/L6MD
play,5,0,hayek001,12,SCBS,K
play,5,0,pegul001,21,CBBX,S8/L8
play,5,0,willa005,02,F1F>B,SB2
play,5,0,willa005,32,F1F>B.*BF*BB,W
play,5,0,delaj004,00,X,D7/L78.2-H;1-H
play,5,0,palaj001,01,FX,43/G34
play,5,1,carav001,22,CS.BBX,S8/L8S+
play,5,1,turab002,02,SFX,S9/G34.1-2
play,5,1,wiemj001,00,,NP
sub,jacka003,"Andre Jackson",0,0,1
play,5,1,wiemj001,01,.SB,WP.2-3;1-2
play,5,1,wiemj001,22,.SB.C*BFS,K
play,5,1,yelic001,10,*BX,43/G34.3-H;2-3
play,5,1,contw002,12,CS.BFFS,K
play,6,0,reynb001,32,BBFBFB,W
play,6,0,mccua001,22,BBSC1FX,7/L7D
play,6,0,davih001,00,X,7/L7D
play,6,0,rivaa001,22,*BC1BSF>*B,SB2
play,6,0,rivaa001,32,*BC1BSF>*B.B,W
play,6,0,hayek001,32,*BBCTBC,K
play,6,1,santc002,20,BBX,7/F7
play,6,1,adamw002,10,BX,53/G5
play,6,1,taylt002,00,,NP
sub,frels001,"Sal Frelick",1,5,11
play,6,1,frels001,22,.CBFBT,K
play,7,0,pegul001,00,,NP
sub,frels001,"Sal Frelick",1,5,9
play,7,0,pegul001,00,.,NP
id,MIL202308230
version,2
info,visteam,MIN
info,hometeam,MIL
info,site,MIL06
info,date,2023/08/23
info,number,0
info,gametype,regular
info,starttime,1:10PM
info,daynight,day
info,innings,9
info,tiebreaker,2
info,usedh,true
info,umphome,segac901
info,ump1b,buckc901
info,ump2b,may-b901
info,ump3b,nelsj901
info,umplf,(none)
info,umprf,(none)
info,inputtime,2023/08/26 09:03:41
info,howscored,unknown
info,pitches,pitches
info,oscorer,odrit701
info,temp,97
info,winddir,fromrf
info,windspeed,14
info,fieldcond,unknown
info,precip,none
info,sky,sunny
info,timeofgame,210
info,attendance,38164
info,wp,pegue001
info,lp,duraj002
info,save,
start,julie001,"Edouard Julien",0,1,10
start,solad001,"Donovan Solano",0,2,3
start,corrc001,"Carlos Correa",0,3,6
start,lewir003,"Royce Lewis",0,4,5
start,keplm001,"Max Kepler",0,5,9
start,jeffr002,"Ryan Jeffers",0,6,2
start,farmk001,"Kyle Farmer",0,7,4
start,luplj001,"Jordan Luplow",0,8,7
start,taylm002,"Michael A. Taylor",0,9,8
start,maedk001,"Kenta Maeda",0,0,1
start,yelic001,"Christian Yelich",1,1,7
start,contw002,"William Contreras",1,2,10
start,santc002,"Carlos Santana",1,3,3
start,adamw002,"Willy Adames",1,4,6
start,canhm001,"Mark Canha",1,5,9
start,monaa001,"Andruw Monasterio",1,6,5
start,turab002,"Brice Turang",1,7,4
start,carav001,"Victor Caratini",1,8,2
start,taylt002,"Tyrone Taylor",1,9,8
start,burnc002,"Corbin Burnes",1,0,1
play,1,0,julie001,12,CCBFX,S7/L7LS
play,1,0,solad001,00,X,S7/L78S+.1-3(E7)
play,1,0,corrc001,20,BBX,8/SF/F8D.3-H
play,1,0,lewir003,21,B1FBX,2/P2
play,1,0,keplm001,21,BBCX,S8/L89.1-2
play,1,0,jeffr002,22,B*SBSS,K
play,1,1,yelic001,11,BSX,S7/L78
play,1,1,contw002,21,C*BB1>C,SB2
play,1,1,contw002,32,C*BB1>C.*B*B,W
play,1,1,santc002,11,CBX,8/F89XD.2-3
play,1,1,adamw002,22,CBF*BS,K
play,1,1,canhm001,22,BCBFH,HP.1-2
play,1,1,monaa001,10,*BX,S7/L7D.3-H;2-H;1-3;BX2(764)
play,2,0,farmk001,32,BC.BFBX,9/L9D
play,2,0,luplj001,22,SBT.BS,K
play,2,0,taylm002,00,X,6/L56D
play,2,1,turab002,02,CFS,K
play,2,1,carav001,22,BFC.BFFFC,K
play,2,1,taylt002,01,CX,D7/F7L
play,2,1,yelic001,22,BFBCC,K
play,3,0,julie001,00,X,63/G6M
play,3,0,solad001,02,CFX,8/F89XD
play,3,0,corrc001,32,BCS.BBX,S8/L78
play,3,0,lewir003,21,FBBX,HR/F78XD.1-H
play,3,0,keplm001,20,BBX,8/F8
play,3,1,contw002,32,FBBFFB.FX,HR/F89XD
play,3,1,santc002,32,BBCCFBFB,W
play,3,1,adamw002,01,CX,64(1)3/GDP/G6S
play,3,1,canhm001,22,CBSBX,43/G4
play,4,0,jeffr002,22,BBFS.X,D7/L78XD+
play,4,0,farmk001,31,BB*BCB,W
play,4,0,luplj001,21,*B*BSX,4(1)3/GDP/G4.2-3
play,4,0,taylm002,22,FBF*BX,HR/F7LD.3-H
play,4,0,julie001,22,CBCBC,K
play,4,1,monaa001,22,CC.BBFX,7/F78D
play,4,1,turab002,22,FBFBX,8/F8
play,4,1,carav001,01,SX,43/G34
play,5,0,solad001,02,SS.X,63/G56
play,5,0,corrc001,22,BSFFBC,K
play,5,0,lewir003,00,X,63/G6
play,5,1,taylt002,12,BSSFS,K
play,5,1,yelic001,12,FBFFS,K
play,5,1,contw002,21,CBBX,53/G56
play,6,0,keplm001,21,BBFX,6/L6D
play,6,0,jeffr002,22,BCC.BX,5/L5
play,6,0,farmk001,00,X,HR/F78XD
play,6,0,luplj001,12,CFB*S,K
play,6,1,santc002,00,,NP
sub,pagae001,"Emilio Pagan",0,0,1
play,6,1,santc002,02,.CCFFX,S8/F8
play,6,1,adamw002,12,C*BFX,HR/F8XD.1-H
play,6,1,canhm001,12,SCBX,9/F89
play,6,1,monaa001,22,CFFBFB*S,K
play,6,1,turab002,00,X,7/L7
play,7,0,taylm002,00,,NP
id,MIL202309160
version,2
info,visteam,WAS
info,hometeam,MIL
info,site,MIL06
info,date,2023/09/16
info,number,0
info,gametype,regular
info,starttime,6:10PM
info,daynight,night
info,innings,9
info,tiebreaker,2
info,usedh,true
info,umphome,hanat901
info,ump1b,hobep901
info,ump2b,cejan901
info,ump3b,onorb901
info,umplf,(none)
info,umprf,(none)
info,inputtime,2023/10/03 06:10:32
info,howscored,unknown
info,pitches,pitches
info,oscorer,odrit701
info,temp,74
info,winddir,fromrf
info,windspeed,8
info,fieldcond,unknown
info,precip,none
info,sky,dome
info,timeofgame,189
info,attendance,36212
info,wp,payaj001
info,lp,finnk001
info,save,
start,abrac001,"CJ Abrams",0,1,6
start,thoml002,"Lane Thomas",0,2,9
start,ruizk001,"Keibert Ruiz",0,3,2
start,menej001,"Joey Meneses",0,4,10
start,smitd008,"Dominic Smith",0,5,3
start,kiebc001,"Carter Kieboom",0,6,5
start,garcl006,"Luis Garcia",0,7,4
start,alu-j001,"Jake Alu",0,8,7
start,younj004,"Jacob Young",0,9,8
start,willt002,"Trevor Williams",0,0,1
start,frels001,"Sal Frelick",1,1,8
start,contw002,"William Contreras",1,2,2
start,santc002,"Carlos Santana",1,3,3
start,canhm001,"Mark Canha",1,4,7
start,adamw002,"Willy Adames",1,5,6
start,tellr001,"Rowdy Tellez",1,6,10
start,donaj001,"Josh Donaldson",1,7,5
start,turab002,"Brice Turang",1,8,4
start,taylt002,"Tyrone Taylor",1,9,9
start,burnc002,"Corbin Burnes",1,0,1
play,1,0,abrac001,22,F.BCBC,K
play,1,0,thoml002,02,TCS,K
play,1,0,ruizk001,02,TCS,K
play,1,1,frels001,22,.BBCCFX,S7/G56
play,1,1,contw002,22,BBC1S1X,S8/L8.1-2
play,1,1,santc002,30,BBBB,W.2-3;1-2
play,1,1,canhm001,32,TFBBBX,S8/G6M.3-H;2-3;1-2
play,1,1,adamw002,22,BS.SBX,7/SF/L7.3-H
play,1,1,tellr001,21,BBCX,S8/L8S.2-H;1-2
play,1,1,donaj001,32,BBB2CFB,W.2-3;1-2
play,1,1,turab002,22,BFBTFFC,K
play,1,1,taylt002,21,BCBX,13/G1S
play,2,0,menej001,22,BBCCS,K
play,2,0,smitd008,20,BBX,3/G3
play,2,0,kiebc001,02,CFX,63/G6
play,2,1,frels001,12,CFFBFFX,43/G4D
play,2,1,contw002,32,BBBCFX,S9/L9S
play,2,1,santc002,32,BBBC.FFFFFX,36(1)3/GDP/G3
play,3,0,garcl006,21,BCBX,HR/F9D
play,3,0,alu-j001,02,CFX,31/G34
play,3,0,younj004,02,CT.FS,K
play,3,0,abrac001,22,CBSFB*S,K
play,3,1,canhm001,00,,NP
sub,willa004,"Amos Willingham",0,0,1
play,3,1,canhm001,12,.FBS.FX,S9/G34
play,3,1,adamw002,22,SS.B*BX,8/F78
play,3,1,tellr001,32,BBC1CFB.*B,W.1-2
play,3,1,donaj001,31,VSBBX,23/G2-.2-3;1-2
play,3,1,turab002,12,FFFF.FFBFS,K
play,4,0,thoml002,00,X,8/L78D
play,4,0,ruizk001,11,BCX,7/L78D
play,4,0,menej001,00,X,S9/L89
play,4,0,smitd008,32,CBBFB>S,K
play,4,1,taylt002,21,SBBX,HR/F7LD
play,4,1,frels001,11,FBX,D9/L89XD
play,4,1,contw002,32,BBBCSB,W
play,4,1,santc002,00,,NP
sub,macha003,"Andres Machado",0,0,1
play,4,1,santc002,32,.CFFFFBBBX,46(1)3/GDP/G34.2-3
play,4,1,canhm001,00,X,8/F8XD
play,5,0,kiebc001,22,BSFBFFX,53/G5
play,5,0,garcl006,12,CBTS,K
play,5,0,alu-j001,12,FBFFF.X,43/G4
play,5,1,adamw002,01,CX,D8/L78XD+
play,5,1,tellr001,32,CBFBBX,S9/L89S.2-3
play,5,1,donaj001,01,SX,S8/L8D+.3-H;1-2
play,5,1,turab002,00,X,23/SH/BG2-.2-3;1-2
play,5,1,taylt002,01,FX,FC/G1-.3XH(12);2-3;B-2
play,5,1,frels001,32,BCFFFBFFBX,8/L8
play,6,0,younj004,02,CC.X,3/P3DF/FL
play,6,0,abrac001,31,BTBBB,W
play,6,0,thoml002,01,1C1,PO1(E1/TH).1-2
play,6,0,thoml002,12,1C1.BFS,K
play,6,0,ruizk001,00,X,S9/L9.2-3
play,6,0,menej001,22,CCB*BFFX,S9/L3D.3-H;1-3
play,6,0,smitd008,30,*BB*BB,W.1-2
play,6,0,kiebc001,12,FC.BX,S4/G4M.3-H;2-3;1-2
play,6,0,garcl006,32,ABFBB>*B,W.3-H;2-3;1-2
play,6,0,alu-j001,00,,NP
id,MIL202309280
version,2
info,visteam,SLN
info,hometeam,MIL
info,site,MIL06
info,date,2023/09/28
info,number,0
info,gametype,regular
info,starttime,3:10PM
info,daynight,day
info,innings,9
info,tiebreaker,2
info,usedh,true
info,umphome,torrc901
info,ump1b,kulpr901
info,ump2b,blasc901
info,ump3b,riggj901
info,umplf,(none)
info,umprf,(none)
info,inputtime,2023/10/06 09:13:10
info,howscored,unknown
info,pitches,pitches
info,oscorer,odrit701
info,temp,65
info,winddir,unknown
info,windspeed,0
info,fieldcond,unknown
info,precip,none
info,sky,dome
info,timeofgame,143
info,attendance,29185
info,wp,tehej001
info,lp,hudsd002
info,save,smale001
start,nootl001,"Lars Nootbaar",0,1,8
start,edmat001,"Tommy Edman",0,2,4
start,walkj003,"Jordan Walker",0,3,9
start,bakel001,"Luken Baker",0,4,3
start,palar002,"Richie Palacios",0,5,7
start,yepej001,"Juan Yepez",0,6,10
start,kniza001,"Andrew Knizner",0,7,2
start,querj001,"Juniel Querecuto",0,8,5
start,winnm001,"Masyn Winn",0,9,6
start,hudsd002,"Dakota Hudson",0,0,1
start,yelic001,"Christian Yelich",1,1,7
start,contw002,"William Contreras",1,2,2
start,santc002,"Carlos Santana",1,3,3
start,canhm001,"Mark Canha",1,4,9
start,adamw002,"Willy Adames",1,5,6
start,tellr001,"Rowdy Tellez",1,6,10
start,donaj001,"Josh Donaldson",1,7,5
start,turab002,"Brice Turang",1,8,4
start,mitcg001,"Garrett Mitchell",1,9,8
start,burnc002,"Corbin Burnes",1,0,1
play,1,0,nootl001,00,X,8/F8S
badj,edmat001,R
play,1,0,edmat001,11,CBX,9/F89D
play,1,0,walkj003,12,CBFX,8/F8D
play,1,1,yelic001,21,CBBX,D8/L8D+
play,1,1,contw002,01,FX,S9/L3D.2-H
play,1,1,santc002,32,BBBCF.X,5/P6
play,1,1,canhm001,21,B.BFX,64(1)3/GDP/G6
play,2,0,bakel001,32,BBFBFC,K
play,2,0,palar002,00,X,31/G3
play,2,0,yepej001,32,BF.BBFX,S5/G25-
play,2,0,kniza001,00,X,8/L8D
play,2,1,adamw002,02,SC.X,43/G4
play,2,1,tellr001,02,CTS,K
play,2,1,donaj001,32,BBCTBB,W
play,2,1,turab002,22,BCBCX,13/G1S
play,3,0,querj001,22,BCSBFS,K
play,3,0,winnm001,22,CCBBX,6/F7LS
play,3,0,nootl001,20,BBX,S7/L7S
badj,edmat001,R
play,3,0,edmat001,00,X,D8/L78+.1-3
play,3,0,walkj003,22,CSB*BX,5/P5F/FL
play,3,1,mitcg001,00,X,D7/L78XD+
play,3,1,yelic001,01,FX,S9/L89S.2-H
play,3,1,contw002,31,BBBTX,64(1)3/GDP/G6
play,3,1,santc002,00,X,3/P34
play,4,0,bakel001,31,BBFBB,W
play,4,0,palar002,21,BCBX,S9/F89.1-2
play,4,0,yepej001,22,SC.FBBS,K
play,4,0,kniza001,01,CX,S8/F78S.2-3;1-2
play,4,0,querj001,20,BBX,6/L6D
play,4,0,winnm001,12,CSBS,K
play,4,1,canhm001,32,BCBBC.X,7/L78D
play,4,1,adamw002,22,BBT.CS,K
play,4,1,tellr001,12,CBT.*S,K
play,5,0,nootl001,00,,NP
